{"v":"5.5.7","fr":25,"ip":0,"op":25,"w":210,"h":260,"nm":"高级","ddd":0,"assets":[{"id":"image_0","w":117,"h":123,"u":"images/","p":"img_0.png","e":0},{"id":"image_1","w":177,"h":62,"u":"images/","p":"img_1.png","e":0},{"id":"image_2","w":80,"h":102,"u":"images/","p":"img_2.png","e":0},{"id":"image_3","w":153,"h":110,"u":"images/","p":"img_3.png","e":0}],"layers":[{"ddd":0,"ind":1,"ty":2,"nm":"头.png","cl":"png","refId":"image_0","sr":1,"ks":{"o":{"a":0,"k":100,"ix":11},"r":{"a":0,"k":0,"ix":10},"p":{"a":0,"k":[81,63,0],"ix":2},"a":{"a":0,"k":[58.5,61.5,0],"ix":1},"s":{"a":0,"k":[100,100,100],"ix":6}},"ao":0,"ip":0,"op":375,"st":0,"bm":0},{"ddd":0,"ind":2,"ty":2,"nm":"可动组.png","cl":"png","refId":"image_1","sr":1,"ks":{"o":{"a":0,"k":100,"ix":11},"r":{"a":1,"k":[{"i":{"x":[0.833],"y":[0.833]},"o":{"x":[0.167],"y":[0.167]},"t":0,"s":[20],"e":[0]},{"i":{"x":[0.833],"y":[0.833]},"o":{"x":[0.167],"y":[0.167]},"t":11,"s":[0],"e":[20]},{"t":25}],"ix":10},"p":{"a":0,"k":[68,111.5,0],"ix":2},"a":{"a":0,"k":[43.093,14.854,0],"ix":1},"s":{"a":0,"k":[100,100,100],"ix":6}},"ao":0,"ip":0,"op":375,"st":0,"bm":0},{"ddd":0,"ind":3,"ty":2,"nm":"身子.png","cl":"png","refId":"image_2","sr":1,"ks":{"o":{"a":0,"k":100,"ix":11},"r":{"a":0,"k":0,"ix":10},"p":{"a":0,"k":[68,146.5,0],"ix":2},"a":{"a":0,"k":[40,51,0],"ix":1},"s":{"a":0,"k":[100,100,100],"ix":6}},"ao":0,"ip":0,"op":375,"st":0,"bm":0},{"ddd":0,"ind":4,"ty":2,"nm":"底座.png","cl":"png","refId":"image_3","sr":1,"ks":{"o":{"a":0,"k":100,"ix":11},"r":{"a":0,"k":0,"ix":10},"p":{"a":0,"k":[72,209,0],"ix":2},"a":{"a":0,"k":[76.5,55,0],"ix":1},"s":{"a":0,"k":[100,100,100],"ix":6}},"ao":0,"ip":0,"op":375,"st":0,"bm":0}],"markers":[]}