{
  "app": {
    "css": "https://ssl-cdn.static.browser.mi-img.com/feed/mobile-v2/css/app.ac770c5b.css",
    "js": "https://ssl-cdn.static.browser.mi-img.com/feed/mobile-v2/js/app.73d77d37.js"
  },
  "chunk-vendors": {
    "css": "https://ssl-cdn.static.browser.mi-img.com/feed/mobile-v2/css/chunk-vendors.1565d8d3.css",
    "js": "https://ssl-cdn.static.browser.mi-img.com/feed/mobile-v2/js/chunk-vendors.2fe79bb3.js"
  },
  "runtime~app": {
    "js": "https://ssl-cdn.static.browser.mi-img.com/feed/mobile-v2/js/runtime~app.0cbd8a42.js"
  },
  "": {
    "js": [
      "https://ssl-cdn.static.browser.mi-img.com/feed/mobile-v2/axios.min.js",
      "https://ssl-cdn.static.browser.mi-img.com/feed/mobile-v2/es6-promise.auto.min.js",
      "https://ssl-cdn.static.browser.mi-img.com/feed/mobile-v2/fmonitor-0.1.2.min.js",
      "https://ssl-cdn.static.browser.mi-img.com/feed/mobile-v2/fmonitor.min.js",
      "https://ssl-cdn.static.browser.mi-img.com/feed/mobile-v2/js/chunk-007d64d8.ff82ee1a.js",
      "https://ssl-cdn.static.browser.mi-img.com/feed/mobile-v2/js/chunk-02886524.27e838d2.js",
      "https://ssl-cdn.static.browser.mi-img.com/feed/mobile-v2/js/chunk-02aec684.2220ddac.js",
      "https://ssl-cdn.static.browser.mi-img.com/feed/mobile-v2/js/chunk-03ff38dc.c3d0a72e.js",
      "https://ssl-cdn.static.browser.mi-img.com/feed/mobile-v2/js/chunk-0425bee0.3f67c711.js",
      "https://ssl-cdn.static.browser.mi-img.com/feed/mobile-v2/js/chunk-08d63943.69d3ddd1.js",
      "https://ssl-cdn.static.browser.mi-img.com/feed/mobile-v2/js/chunk-1424e30b.24756f10.js",
      "https://ssl-cdn.static.browser.mi-img.com/feed/mobile-v2/js/chunk-1503d09f.5561a89d.js",
      "https://ssl-cdn.static.browser.mi-img.com/feed/mobile-v2/js/chunk-16f50466.86251ef5.js",
      "https://ssl-cdn.static.browser.mi-img.com/feed/mobile-v2/js/chunk-1909eb98.030d4682.js",
      "https://ssl-cdn.static.browser.mi-img.com/feed/mobile-v2/js/chunk-1b78e38c.de15170e.js",
      "https://ssl-cdn.static.browser.mi-img.com/feed/mobile-v2/js/chunk-1c4012ec.c1ed7020.js",
      "https://ssl-cdn.static.browser.mi-img.com/feed/mobile-v2/js/chunk-1de66aa7.f999e8db.js",
      "https://ssl-cdn.static.browser.mi-img.com/feed/mobile-v2/js/chunk-1f131a0e.7d9bf443.js",
      "https://ssl-cdn.static.browser.mi-img.com/feed/mobile-v2/js/chunk-21365ca8.0d4d85b8.js",
      "https://ssl-cdn.static.browser.mi-img.com/feed/mobile-v2/js/chunk-243c0b35.134fdbc6.js",
      "https://ssl-cdn.static.browser.mi-img.com/feed/mobile-v2/js/chunk-25508ad8.869ff801.js",
      "https://ssl-cdn.static.browser.mi-img.com/feed/mobile-v2/js/chunk-27a2c818.8d7ea7ee.js",
      "https://ssl-cdn.static.browser.mi-img.com/feed/mobile-v2/js/chunk-2a23b107.9074718f.js",
      "https://ssl-cdn.static.browser.mi-img.com/feed/mobile-v2/js/chunk-2ad435bc.f74900eb.js",
      "https://ssl-cdn.static.browser.mi-img.com/feed/mobile-v2/js/chunk-2af2d518.8c4e0eca.js",
      "https://ssl-cdn.static.browser.mi-img.com/feed/mobile-v2/js/chunk-2d2170dd.59d52560.js",
      "https://ssl-cdn.static.browser.mi-img.com/feed/mobile-v2/js/chunk-2e2b227e.262ada8c.js",
      "https://ssl-cdn.static.browser.mi-img.com/feed/mobile-v2/js/chunk-2ef4c91c.1207f82c.js",
      "https://ssl-cdn.static.browser.mi-img.com/feed/mobile-v2/js/chunk-2f7e5bec.a1bad8de.js",
      "https://ssl-cdn.static.browser.mi-img.com/feed/mobile-v2/js/chunk-33a2df46.d6475b3e.js",
      "https://ssl-cdn.static.browser.mi-img.com/feed/mobile-v2/js/chunk-345c69ec.c5ad4da2.js",
      "https://ssl-cdn.static.browser.mi-img.com/feed/mobile-v2/js/chunk-358450da.a49c5773.js",
      "https://ssl-cdn.static.browser.mi-img.com/feed/mobile-v2/js/chunk-3be4268a.e2d29cde.js",
      "https://ssl-cdn.static.browser.mi-img.com/feed/mobile-v2/js/chunk-3c3a3c09.31d96b64.js",
      "https://ssl-cdn.static.browser.mi-img.com/feed/mobile-v2/js/chunk-3ed17f52.acea19c2.js",
      "https://ssl-cdn.static.browser.mi-img.com/feed/mobile-v2/js/chunk-428cccc3.efb2da43.js",
      "https://ssl-cdn.static.browser.mi-img.com/feed/mobile-v2/js/chunk-55317040.129b9153.js",
      "https://ssl-cdn.static.browser.mi-img.com/feed/mobile-v2/js/chunk-566d7e88.e4d45355.js",
      "https://ssl-cdn.static.browser.mi-img.com/feed/mobile-v2/js/chunk-5b0d02fd.1dee2cd4.js",
      "https://ssl-cdn.static.browser.mi-img.com/feed/mobile-v2/js/chunk-64426cda.9caaabe6.js",
      "https://ssl-cdn.static.browser.mi-img.com/feed/mobile-v2/js/chunk-6acabb29.a65b8d8b.js",
      "https://ssl-cdn.static.browser.mi-img.com/feed/mobile-v2/js/chunk-6b554c6c.e942487a.js",
      "https://ssl-cdn.static.browser.mi-img.com/feed/mobile-v2/js/chunk-6c1a7d20.40aa4e1e.js",
      "https://ssl-cdn.static.browser.mi-img.com/feed/mobile-v2/js/chunk-6c80e7d6.c6f72c31.js",
      "https://ssl-cdn.static.browser.mi-img.com/feed/mobile-v2/js/chunk-6f81d085.5bf6b9fb.js",
      "https://ssl-cdn.static.browser.mi-img.com/feed/mobile-v2/js/chunk-75d0dd22.42843f9b.js",
      "https://ssl-cdn.static.browser.mi-img.com/feed/mobile-v2/js/chunk-769b57bd.79b8bb1a.js",
      "https://ssl-cdn.static.browser.mi-img.com/feed/mobile-v2/js/chunk-777de22d.07926b94.js",
      "https://ssl-cdn.static.browser.mi-img.com/feed/mobile-v2/js/chunk-79cc917a.8ec946f2.js",
      "https://ssl-cdn.static.browser.mi-img.com/feed/mobile-v2/js/chunk-7f70d583.620c3cb2.js",
      "https://ssl-cdn.static.browser.mi-img.com/feed/mobile-v2/js/chunk-7fab017a.4af76f4d.js",
      "https://ssl-cdn.static.browser.mi-img.com/feed/mobile-v2/js/chunk-8067a526.49711eb8.js",
      "https://ssl-cdn.static.browser.mi-img.com/feed/mobile-v2/js/chunk-8fcfaa1c.13781b17.js",
      "https://ssl-cdn.static.browser.mi-img.com/feed/mobile-v2/js/chunk-9dedfaa4.7112383a.js",
      "https://ssl-cdn.static.browser.mi-img.com/feed/mobile-v2/js/chunk-9e5ec496.b9cded3b.js",
      "https://ssl-cdn.static.browser.mi-img.com/feed/mobile-v2/js/chunk-a7c04e5c.db4658f9.js",
      "https://ssl-cdn.static.browser.mi-img.com/feed/mobile-v2/js/chunk-abc4c4da.93955837.js",
      "https://ssl-cdn.static.browser.mi-img.com/feed/mobile-v2/js/chunk-b459c790.262e8044.js",
      "https://ssl-cdn.static.browser.mi-img.com/feed/mobile-v2/js/chunk-b66775fa.ec3d2566.js",
      "https://ssl-cdn.static.browser.mi-img.com/feed/mobile-v2/js/chunk-c041ebb6.09094f44.js",
      "https://ssl-cdn.static.browser.mi-img.com/feed/mobile-v2/js/chunk-cc9bb026.0f42ff4d.js",
      "https://ssl-cdn.static.browser.mi-img.com/feed/mobile-v2/js/chunk-cc9fc394.5c38a951.js",
      "https://ssl-cdn.static.browser.mi-img.com/feed/mobile-v2/js/chunk-ce4bd02a.51bb2525.js",
      "https://ssl-cdn.static.browser.mi-img.com/feed/mobile-v2/js/chunk-d90f7020.37391ae6.js",
      "https://ssl-cdn.static.browser.mi-img.com/feed/mobile-v2/js/chunk-dd83ed4c.26b6840f.js",
      "https://ssl-cdn.static.browser.mi-img.com/feed/mobile-v2/mi-detail.min.js",
      "https://ssl-cdn.static.browser.mi-img.com/feed/mobile-v2/miuibrowser.js",
      "https://ssl-cdn.static.browser.mi-img.com/feed/mobile-v2/miuibrowser.min.js",
      "https://ssl-cdn.static.browser.mi-img.com/feed/mobile-v2/raven.min.js",
      "https://ssl-cdn.static.browser.mi-img.com/feed/mobile-v2/service-worker1586943019680.js",
      "https://ssl-cdn.static.browser.mi-img.com/feed/mobile-v2/v.js",
      "https://ssl-cdn.static.browser.mi-img.com/feed/mobile-v2/video-js.min.js",
      "https://ssl-cdn.static.browser.mi-img.com/feed/mobile-v2/vue-router.min.js",
      "https://ssl-cdn.static.browser.mi-img.com/feed/mobile-v2/vue.runtime.min.js",
      "https://ssl-cdn.static.browser.mi-img.com/feed/mobile-v2/workbox-5d3caa67.js"
    ],
    "css": [
      "https://ssl-cdn.static.browser.mi-img.com/feed/mobile-v2/base.css",
      "https://ssl-cdn.static.browser.mi-img.com/feed/mobile-v2/css/chunk-007d64d8.bd29ca63.css",
      "https://ssl-cdn.static.browser.mi-img.com/feed/mobile-v2/css/chunk-02886524.7b2911f0.css",
      "https://ssl-cdn.static.browser.mi-img.com/feed/mobile-v2/css/chunk-02aec684.0005ba78.css",
      "https://ssl-cdn.static.browser.mi-img.com/feed/mobile-v2/css/chunk-03ff38dc.837d2141.css",
      "https://ssl-cdn.static.browser.mi-img.com/feed/mobile-v2/css/chunk-0425bee0.89ea9bba.css",
      "https://ssl-cdn.static.browser.mi-img.com/feed/mobile-v2/css/chunk-08d63943.5c76214f.css",
      "https://ssl-cdn.static.browser.mi-img.com/feed/mobile-v2/css/chunk-1424e30b.bc07a30b.css",
      "https://ssl-cdn.static.browser.mi-img.com/feed/mobile-v2/css/chunk-1503d09f.81166077.css",
      "https://ssl-cdn.static.browser.mi-img.com/feed/mobile-v2/css/chunk-16f50466.d5319469.css",
      "https://ssl-cdn.static.browser.mi-img.com/feed/mobile-v2/css/chunk-1909eb98.70c24341.css",
      "https://ssl-cdn.static.browser.mi-img.com/feed/mobile-v2/css/chunk-1b78e38c.93c85da3.css",
      "https://ssl-cdn.static.browser.mi-img.com/feed/mobile-v2/css/chunk-1c4012ec.8f697b7b.css",
      "https://ssl-cdn.static.browser.mi-img.com/feed/mobile-v2/css/chunk-1de66aa7.083862cc.css",
      "https://ssl-cdn.static.browser.mi-img.com/feed/mobile-v2/css/chunk-1f131a0e.d7a640d7.css",
      "https://ssl-cdn.static.browser.mi-img.com/feed/mobile-v2/css/chunk-21365ca8.41b6341c.css",
      "https://ssl-cdn.static.browser.mi-img.com/feed/mobile-v2/css/chunk-243c0b35.f1ab23d0.css",
      "https://ssl-cdn.static.browser.mi-img.com/feed/mobile-v2/css/chunk-25508ad8.d3610907.css",
      "https://ssl-cdn.static.browser.mi-img.com/feed/mobile-v2/css/chunk-27a2c818.994212db.css",
      "https://ssl-cdn.static.browser.mi-img.com/feed/mobile-v2/css/chunk-2a23b107.73e9154e.css",
      "https://ssl-cdn.static.browser.mi-img.com/feed/mobile-v2/css/chunk-2ad435bc.971a5aac.css",
      "https://ssl-cdn.static.browser.mi-img.com/feed/mobile-v2/css/chunk-2af2d518.b963ae22.css",
      "https://ssl-cdn.static.browser.mi-img.com/feed/mobile-v2/css/chunk-2e2b227e.a70211c6.css",
      "https://ssl-cdn.static.browser.mi-img.com/feed/mobile-v2/css/chunk-2ef4c91c.f69d84ad.css",
      "https://ssl-cdn.static.browser.mi-img.com/feed/mobile-v2/css/chunk-2f7e5bec.137bda95.css",
      "https://ssl-cdn.static.browser.mi-img.com/feed/mobile-v2/css/chunk-33a2df46.84bcbccb.css",
      "https://ssl-cdn.static.browser.mi-img.com/feed/mobile-v2/css/chunk-345c69ec.a61909d5.css",
      "https://ssl-cdn.static.browser.mi-img.com/feed/mobile-v2/css/chunk-358450da.3c1642ec.css",
      "https://ssl-cdn.static.browser.mi-img.com/feed/mobile-v2/css/chunk-3be4268a.10b6ff5e.css",
      "https://ssl-cdn.static.browser.mi-img.com/feed/mobile-v2/css/chunk-3c3a3c09.63e2c27d.css",
      "https://ssl-cdn.static.browser.mi-img.com/feed/mobile-v2/css/chunk-3ed17f52.a31be725.css",
      "https://ssl-cdn.static.browser.mi-img.com/feed/mobile-v2/css/chunk-428cccc3.9e1f3461.css",
      "https://ssl-cdn.static.browser.mi-img.com/feed/mobile-v2/css/chunk-55317040.01434b4e.css",
      "https://ssl-cdn.static.browser.mi-img.com/feed/mobile-v2/css/chunk-566d7e88.12533560.css",
      "https://ssl-cdn.static.browser.mi-img.com/feed/mobile-v2/css/chunk-5b0d02fd.1522aa40.css",
      "https://ssl-cdn.static.browser.mi-img.com/feed/mobile-v2/css/chunk-64426cda.f285217b.css",
      "https://ssl-cdn.static.browser.mi-img.com/feed/mobile-v2/css/chunk-6acabb29.06e9bc9e.css",
      "https://ssl-cdn.static.browser.mi-img.com/feed/mobile-v2/css/chunk-6b554c6c.8d88f126.css",
      "https://ssl-cdn.static.browser.mi-img.com/feed/mobile-v2/css/chunk-6c1a7d20.c60d328c.css",
      "https://ssl-cdn.static.browser.mi-img.com/feed/mobile-v2/css/chunk-6c80e7d6.5e09fc8f.css",
      "https://ssl-cdn.static.browser.mi-img.com/feed/mobile-v2/css/chunk-6f81d085.1c3a28bb.css",
      "https://ssl-cdn.static.browser.mi-img.com/feed/mobile-v2/css/chunk-75d0dd22.3b93b1b5.css",
      "https://ssl-cdn.static.browser.mi-img.com/feed/mobile-v2/css/chunk-769b57bd.799d6fe4.css",
      "https://ssl-cdn.static.browser.mi-img.com/feed/mobile-v2/css/chunk-777de22d.04be243a.css",
      "https://ssl-cdn.static.browser.mi-img.com/feed/mobile-v2/css/chunk-79cc917a.8c60cb86.css",
      "https://ssl-cdn.static.browser.mi-img.com/feed/mobile-v2/css/chunk-7f70d583.42808825.css",
      "https://ssl-cdn.static.browser.mi-img.com/feed/mobile-v2/css/chunk-7fab017a.08ce454d.css",
      "https://ssl-cdn.static.browser.mi-img.com/feed/mobile-v2/css/chunk-8067a526.76e9f90c.css",
      "https://ssl-cdn.static.browser.mi-img.com/feed/mobile-v2/css/chunk-8fcfaa1c.08d467f0.css",
      "https://ssl-cdn.static.browser.mi-img.com/feed/mobile-v2/css/chunk-9dedfaa4.ec3c9f43.css",
      "https://ssl-cdn.static.browser.mi-img.com/feed/mobile-v2/css/chunk-9e5ec496.668378d2.css",
      "https://ssl-cdn.static.browser.mi-img.com/feed/mobile-v2/css/chunk-a7c04e5c.76217539.css",
      "https://ssl-cdn.static.browser.mi-img.com/feed/mobile-v2/css/chunk-abc4c4da.fcb52996.css",
      "https://ssl-cdn.static.browser.mi-img.com/feed/mobile-v2/css/chunk-b459c790.8040d2e6.css",
      "https://ssl-cdn.static.browser.mi-img.com/feed/mobile-v2/css/chunk-b66775fa.8c24edf8.css",
      "https://ssl-cdn.static.browser.mi-img.com/feed/mobile-v2/css/chunk-c041ebb6.e5217a3b.css",
      "https://ssl-cdn.static.browser.mi-img.com/feed/mobile-v2/css/chunk-cc9bb026.e3ba2f5e.css",
      "https://ssl-cdn.static.browser.mi-img.com/feed/mobile-v2/css/chunk-cc9fc394.62779a12.css",
      "https://ssl-cdn.static.browser.mi-img.com/feed/mobile-v2/css/chunk-ce4bd02a.2748cf76.css",
      "https://ssl-cdn.static.browser.mi-img.com/feed/mobile-v2/css/chunk-d90f7020.68e4aacf.css",
      "https://ssl-cdn.static.browser.mi-img.com/feed/mobile-v2/css/chunk-dd83ed4c.ed00d925.css",
      "https://ssl-cdn.static.browser.mi-img.com/feed/mobile-v2/miuibrowser.css",
      "https://ssl-cdn.static.browser.mi-img.com/feed/mobile-v2/miuibrowser.min.css",
      "https://ssl-cdn.static.browser.mi-img.com/feed/mobile-v2/video-js.min.css",
      "https://ssl-cdn.static.browser.mi-img.com/feed/mobile-v2/xknews.css",
      "https://ssl-cdn.static.browser.mi-img.com/feed/mobile-v2/xknews.min.css"
    ],
    "json": [
      "https://ssl-cdn.static.browser.mi-img.com/feed/mobile-v2/detail.json",
      "https://ssl-cdn.static.browser.mi-img.com/feed/mobile-v2/map.json",
      "https://ssl-cdn.static.browser.mi-img.com/feed/mobile-v2/mining/miner1Animation/data.json",
      "https://ssl-cdn.static.browser.mi-img.com/feed/mobile-v2/mining/miner2Animation/data.json",
      "https://ssl-cdn.static.browser.mi-img.com/feed/mobile-v2/mining/miner3Animation/data.json",
      "https://ssl-cdn.static.browser.mi-img.com/feed/mobile-v2/mining/miner4Animation/data.json",
      "https://ssl-cdn.static.browser.mi-img.com/feed/mobile-v2/mining/tunnalAnimation/data.json",
      "https://ssl-cdn.static.browser.mi-img.com/feed/mobile-v2/offlineCache.common.demotion.json",
      "https://ssl-cdn.static.browser.mi-img.com/feed/mobile-v2/offlineCache.common.json"
    ],
    "webp": [
      "https://ssl-cdn.static.browser.mi-img.com/feed/mobile-v2/img/1.756bed00.webp",
      "https://ssl-cdn.static.browser.mi-img.com/feed/mobile-v2/img/activityRule-title.395cd327.webp",
      "https://ssl-cdn.static.browser.mi-img.com/feed/mobile-v2/img/alertLinkman.a46ea7d1.webp",
      "https://ssl-cdn.static.browser.mi-img.com/feed/mobile-v2/img/award-active.3f06b854.webp",
      "https://ssl-cdn.static.browser.mi-img.com/feed/mobile-v2/img/award-tip.3a12dd80.webp",
      "https://ssl-cdn.static.browser.mi-img.com/feed/mobile-v2/img/back-dialog-bg.d20acb0f.webp",
      "https://ssl-cdn.static.browser.mi-img.com/feed/mobile-v2/img/background.f69e98ed.webp",
      "https://ssl-cdn.static.browser.mi-img.com/feed/mobile-v2/img/badluck-icon.846fa057.webp",
      "https://ssl-cdn.static.browser.mi-img.com/feed/mobile-v2/img/bg.487c520f.webp",
      "https://ssl-cdn.static.browser.mi-img.com/feed/mobile-v2/img/bg.608e551d.webp",
      "https://ssl-cdn.static.browser.mi-img.com/feed/mobile-v2/img/bg.65608b51.webp",
      "https://ssl-cdn.static.browser.mi-img.com/feed/mobile-v2/img/bg.7b055255.webp",
      "https://ssl-cdn.static.browser.mi-img.com/feed/mobile-v2/img/big-award-tip.f9349597.webp",
      "https://ssl-cdn.static.browser.mi-img.com/feed/mobile-v2/img/calendar.afa47735.webp",
      "https://ssl-cdn.static.browser.mi-img.com/feed/mobile-v2/img/calendar.d656139a.webp",
      "https://ssl-cdn.static.browser.mi-img.com/feed/mobile-v2/img/cancel-0.2385241a.webp",
      "https://ssl-cdn.static.browser.mi-img.com/feed/mobile-v2/img/cancel-1.45e4bb6f.webp",
      "https://ssl-cdn.static.browser.mi-img.com/feed/mobile-v2/img/cashPlaceholder.4b7a2a30.webp",
      "https://ssl-cdn.static.browser.mi-img.com/feed/mobile-v2/img/channel.24d855da.webp",
      "https://ssl-cdn.static.browser.mi-img.com/feed/mobile-v2/img/cloudLeft.d8db7b06.webp",
      "https://ssl-cdn.static.browser.mi-img.com/feed/mobile-v2/img/cloudRight.ba8c070e.webp",
      "https://ssl-cdn.static.browser.mi-img.com/feed/mobile-v2/img/coin-icon.b303ba91.webp",
      "https://ssl-cdn.static.browser.mi-img.com/feed/mobile-v2/img/coin-modal.a9b60455.webp",
      "https://ssl-cdn.static.browser.mi-img.com/feed/mobile-v2/img/coin.53adb862.webp",
      "https://ssl-cdn.static.browser.mi-img.com/feed/mobile-v2/img/confirm-0.ae020a46.webp",
      "https://ssl-cdn.static.browser.mi-img.com/feed/mobile-v2/img/confirm-1.89c7c6f6.webp",
      "https://ssl-cdn.static.browser.mi-img.com/feed/mobile-v2/img/congratulateModal.35cec1c0.webp",
      "https://ssl-cdn.static.browser.mi-img.com/feed/mobile-v2/img/coupon-10.3ba7b1f6.webp",
      "https://ssl-cdn.static.browser.mi-img.com/feed/mobile-v2/img/coupon-20.92cf01b8.webp",
      "https://ssl-cdn.static.browser.mi-img.com/feed/mobile-v2/img/coupon.d0944cce.webp",
      "https://ssl-cdn.static.browser.mi-img.com/feed/mobile-v2/img/depositAccount.a0751d5a.webp",
      "https://ssl-cdn.static.browser.mi-img.com/feed/mobile-v2/img/dialog-bg.6c943f0b.webp",
      "https://ssl-cdn.static.browser.mi-img.com/feed/mobile-v2/img/dialog-icon.e5c8f5e5.webp",
      "https://ssl-cdn.static.browser.mi-img.com/feed/mobile-v2/img/dialog.3623dcbb.webp",
      "https://ssl-cdn.static.browser.mi-img.com/feed/mobile-v2/img/dialog.e942a16d.webp",
      "https://ssl-cdn.static.browser.mi-img.com/feed/mobile-v2/img/dialogHeader.db0d27c3.webp",
      "https://ssl-cdn.static.browser.mi-img.com/feed/mobile-v2/img/exchange-btn.97e2aa05.webp",
      "https://ssl-cdn.static.browser.mi-img.com/feed/mobile-v2/img/exchangeCoin.dcfbf4e2.webp",
      "https://ssl-cdn.static.browser.mi-img.com/feed/mobile-v2/img/face.89ec270a.webp",
      "https://ssl-cdn.static.browser.mi-img.com/feed/mobile-v2/img/facePrizebg.e0bdf717.webp",
      "https://ssl-cdn.static.browser.mi-img.com/feed/mobile-v2/img/getGoldIconModal.1dd25b81.webp",
      "https://ssl-cdn.static.browser.mi-img.com/feed/mobile-v2/img/gift.5f1a72f4.webp",
      "https://ssl-cdn.static.browser.mi-img.com/feed/mobile-v2/img/goods.c4d43667.webp",
      "https://ssl-cdn.static.browser.mi-img.com/feed/mobile-v2/img/goto-app.f1d79e9c.webp",
      "https://ssl-cdn.static.browser.mi-img.com/feed/mobile-v2/img/group.164e024b.webp",
      "https://ssl-cdn.static.browser.mi-img.com/feed/mobile-v2/img/guide0.50347e0e.webp",
      "https://ssl-cdn.static.browser.mi-img.com/feed/mobile-v2/img/guide1.bd1ebc54.webp",
      "https://ssl-cdn.static.browser.mi-img.com/feed/mobile-v2/img/guide2.068f852e.webp",
      "https://ssl-cdn.static.browser.mi-img.com/feed/mobile-v2/img/income-bg.7af3ce02.webp",
      "https://ssl-cdn.static.browser.mi-img.com/feed/mobile-v2/img/income-btn.ba038721.webp",
      "https://ssl-cdn.static.browser.mi-img.com/feed/mobile-v2/img/init-btn.b22590fc.webp",
      "https://ssl-cdn.static.browser.mi-img.com/feed/mobile-v2/img/inspect-btn.64877ca4.webp",
      "https://ssl-cdn.static.browser.mi-img.com/feed/mobile-v2/img/inspect.0e28ae04.webp",
      "https://ssl-cdn.static.browser.mi-img.com/feed/mobile-v2/img/invitation-bg.d38e5295.webp",
      "https://ssl-cdn.static.browser.mi-img.com/feed/mobile-v2/img/invitation-btn.6b6ea4a6.webp",
      "https://ssl-cdn.static.browser.mi-img.com/feed/mobile-v2/img/invite-more.726295a7.webp",
      "https://ssl-cdn.static.browser.mi-img.com/feed/mobile-v2/img/invite.94fa084e.webp",
      "https://ssl-cdn.static.browser.mi-img.com/feed/mobile-v2/img/know.1108cbea.webp",
      "https://ssl-cdn.static.browser.mi-img.com/feed/mobile-v2/img/light.6a499c77.webp",
      "https://ssl-cdn.static.browser.mi-img.com/feed/mobile-v2/img/location.f31d7772.webp",
      "https://ssl-cdn.static.browser.mi-img.com/feed/mobile-v2/img/lottery-light-2.a7b0026b.webp",
      "https://ssl-cdn.static.browser.mi-img.com/feed/mobile-v2/img/lottery-light.6b717bef.webp",
      "https://ssl-cdn.static.browser.mi-img.com/feed/mobile-v2/img/lucky-pool.bb1435bb.webp",
      "https://ssl-cdn.static.browser.mi-img.com/feed/mobile-v2/img/lucky-star.a42dc039.webp",
      "https://ssl-cdn.static.browser.mi-img.com/feed/mobile-v2/img/miner1.81c692ac.webp",
      "https://ssl-cdn.static.browser.mi-img.com/feed/mobile-v2/img/miner2.22ad357b.webp",
      "https://ssl-cdn.static.browser.mi-img.com/feed/mobile-v2/img/miner3.de44a401.webp",
      "https://ssl-cdn.static.browser.mi-img.com/feed/mobile-v2/img/miner4.b0a80bd3.webp",
      "https://ssl-cdn.static.browser.mi-img.com/feed/mobile-v2/img/modal.27ff7fea.webp",
      "https://ssl-cdn.static.browser.mi-img.com/feed/mobile-v2/img/moments.d5955e84.webp",
      "https://ssl-cdn.static.browser.mi-img.com/feed/mobile-v2/img/more-invite.e4789046.webp",
      "https://ssl-cdn.static.browser.mi-img.com/feed/mobile-v2/img/needupdate-banner.abb21c7f.webp",
      "https://ssl-cdn.static.browser.mi-img.com/feed/mobile-v2/img/needupdate-content.2549f772.webp",
      "https://ssl-cdn.static.browser.mi-img.com/feed/mobile-v2/img/needupdate-content.40810e6e.webp",
      "https://ssl-cdn.static.browser.mi-img.com/feed/mobile-v2/img/nomoney.8d5b40e1.webp",
      "https://ssl-cdn.static.browser.mi-img.com/feed/mobile-v2/img/open.360eccbc.webp",
      "https://ssl-cdn.static.browser.mi-img.com/feed/mobile-v2/img/partner-poster-bg.10798949.webp",
      "https://ssl-cdn.static.browser.mi-img.com/feed/mobile-v2/img/partner-top.e47825be.webp",
      "https://ssl-cdn.static.browser.mi-img.com/feed/mobile-v2/img/people.9680a571.webp",
      "https://ssl-cdn.static.browser.mi-img.com/feed/mobile-v2/img/phone-icon.f5a6cddf.webp",
      "https://ssl-cdn.static.browser.mi-img.com/feed/mobile-v2/img/pig-go-sign.31e2c631.webp",
      "https://ssl-cdn.static.browser.mi-img.com/feed/mobile-v2/img/pig-sign.a87cb71f.webp",
      "https://ssl-cdn.static.browser.mi-img.com/feed/mobile-v2/img/pig-start.c4e9c563.webp",
      "https://ssl-cdn.static.browser.mi-img.com/feed/mobile-v2/img/processStep-title.10fafb44.webp",
      "https://ssl-cdn.static.browser.mi-img.com/feed/mobile-v2/img/qq.4e282df4.webp",
      "https://ssl-cdn.static.browser.mi-img.com/feed/mobile-v2/img/qq.9ad94db4.webp",
      "https://ssl-cdn.static.browser.mi-img.com/feed/mobile-v2/img/reading.4de3e1bb.webp",
      "https://ssl-cdn.static.browser.mi-img.com/feed/mobile-v2/img/receiveRedPacketModal.744dbfd4.webp",
      "https://ssl-cdn.static.browser.mi-img.com/feed/mobile-v2/img/record-empty.b50c11f7.webp",
      "https://ssl-cdn.static.browser.mi-img.com/feed/mobile-v2/img/record-intro-bg.4edf5a9e.webp",
      "https://ssl-cdn.static.browser.mi-img.com/feed/mobile-v2/img/record-share.25204e00.webp",
      "https://ssl-cdn.static.browser.mi-img.com/feed/mobile-v2/img/recordStats.35820524.webp",
      "https://ssl-cdn.static.browser.mi-img.com/feed/mobile-v2/img/recruit-btn.8fe5d026.webp",
      "https://ssl-cdn.static.browser.mi-img.com/feed/mobile-v2/img/recruitMiner1.c44d50f4.webp",
      "https://ssl-cdn.static.browser.mi-img.com/feed/mobile-v2/img/recruitMiner2.a29c884e.webp",
      "https://ssl-cdn.static.browser.mi-img.com/feed/mobile-v2/img/recruitMiner3.fcfb4bdc.webp",
      "https://ssl-cdn.static.browser.mi-img.com/feed/mobile-v2/img/roulette_bg.e9dbc34f.webp",
      "https://ssl-cdn.static.browser.mi-img.com/feed/mobile-v2/img/roulette_bg_coin.aa8e3cfb.webp",
      "https://ssl-cdn.static.browser.mi-img.com/feed/mobile-v2/img/roulette_pointer.f0681f16.webp",
      "https://ssl-cdn.static.browser.mi-img.com/feed/mobile-v2/img/running-bg.fbd981b4.webp",
      "https://ssl-cdn.static.browser.mi-img.com/feed/mobile-v2/img/seal.8b04a13d.webp",
      "https://ssl-cdn.static.browser.mi-img.com/feed/mobile-v2/img/shops.57bc284a.webp",
      "https://ssl-cdn.static.browser.mi-img.com/feed/mobile-v2/img/sms-banner.4321902f.webp",
      "https://ssl-cdn.static.browser.mi-img.com/feed/mobile-v2/img/sms-page-bg.4accbbb2.webp",
      "https://ssl-cdn.static.browser.mi-img.com/feed/mobile-v2/img/sms.de158fd5.webp",
      "https://ssl-cdn.static.browser.mi-img.com/feed/mobile-v2/img/teach-bottom.3e478c85.webp",
      "https://ssl-cdn.static.browser.mi-img.com/feed/mobile-v2/img/teach-mask.4f50eebd.webp",
      "https://ssl-cdn.static.browser.mi-img.com/feed/mobile-v2/img/teach-person.e9bd4050.webp",
      "https://ssl-cdn.static.browser.mi-img.com/feed/mobile-v2/img/teach.9c77138d.webp",
      "https://ssl-cdn.static.browser.mi-img.com/feed/mobile-v2/img/ten-year-bg.4339fe14.webp",
      "https://ssl-cdn.static.browser.mi-img.com/feed/mobile-v2/img/toast.dff1e34c.webp",
      "https://ssl-cdn.static.browser.mi-img.com/feed/mobile-v2/img/toastModal.e2f3d09d.webp",
      "https://ssl-cdn.static.browser.mi-img.com/feed/mobile-v2/img/toolsMiner.ccbd3639.webp",
      "https://ssl-cdn.static.browser.mi-img.com/feed/mobile-v2/img/truck.bac9770d.webp",
      "https://ssl-cdn.static.browser.mi-img.com/feed/mobile-v2/img/turntable.1f4e5b93.webp",
      "https://ssl-cdn.static.browser.mi-img.com/feed/mobile-v2/img/update.b7cc2259.webp",
      "https://ssl-cdn.static.browser.mi-img.com/feed/mobile-v2/img/updateVersion.1843807e.webp",
      "https://ssl-cdn.static.browser.mi-img.com/feed/mobile-v2/img/watermark.7795a529.webp",
      "https://ssl-cdn.static.browser.mi-img.com/feed/mobile-v2/img/watermark.f34f059c.webp",
      "https://ssl-cdn.static.browser.mi-img.com/feed/mobile-v2/img/wechat-login-btn.74968caa.webp",
      "https://ssl-cdn.static.browser.mi-img.com/feed/mobile-v2/img/wechat.169be63f.webp",
      "https://ssl-cdn.static.browser.mi-img.com/feed/mobile-v2/img/wechat.335f7e3d.webp",
      "https://ssl-cdn.static.browser.mi-img.com/feed/mobile-v2/img/wechat.5539640e.webp",
      "https://ssl-cdn.static.browser.mi-img.com/feed/mobile-v2/img/withdraw-empty.28c68e14.webp",
      "https://ssl-cdn.static.browser.mi-img.com/feed/mobile-v2/img/withdraw-record-empty.e1dea5d6.webp"
    ],
    "jpg": [
      "https://ssl-cdn.static.browser.mi-img.com/feed/mobile-v2/img/banner.a3b17f44.jpg",
      "https://ssl-cdn.static.browser.mi-img.com/feed/mobile-v2/img/bg.7d3910ab.jpg",
      "https://ssl-cdn.static.browser.mi-img.com/feed/mobile-v2/img/slide-cover.371a0951.jpg"
    ],
    "png": [
      "https://ssl-cdn.static.browser.mi-img.com/feed/mobile-v2/img/bannet.287421bb.png",
      "https://ssl-cdn.static.browser.mi-img.com/feed/mobile-v2/img/bg.7ff407b2.png",
      "https://ssl-cdn.static.browser.mi-img.com/feed/mobile-v2/img/browser-open.26a46db6.png",
      "https://ssl-cdn.static.browser.mi-img.com/feed/mobile-v2/img/change-bg-1.7906299d.png",
      "https://ssl-cdn.static.browser.mi-img.com/feed/mobile-v2/img/change-bg-2.eedc58bd.png",
      "https://ssl-cdn.static.browser.mi-img.com/feed/mobile-v2/img/click-browser.fa4e068c.png",
      "https://ssl-cdn.static.browser.mi-img.com/feed/mobile-v2/img/designation.868aa58d.png",
      "https://ssl-cdn.static.browser.mi-img.com/feed/mobile-v2/img/download-tip-top.34e7d5f7.png",
      "https://ssl-cdn.static.browser.mi-img.com/feed/mobile-v2/img/download-top.ad4774d1.png",
      "https://ssl-cdn.static.browser.mi-img.com/feed/mobile-v2/img/download.138b1ba1.png",
      "https://ssl-cdn.static.browser.mi-img.com/feed/mobile-v2/img/fallback-recode.414d2f4a.png",
      "https://ssl-cdn.static.browser.mi-img.com/feed/mobile-v2/img/guide-arrow.d61ce9be.png",
      "https://ssl-cdn.static.browser.mi-img.com/feed/mobile-v2/img/guide.04dc2dbc.png",
      "https://ssl-cdn.static.browser.mi-img.com/feed/mobile-v2/img/lan-3.49d93acc.png",
      "https://ssl-cdn.static.browser.mi-img.com/feed/mobile-v2/img/lan-4.00bcc226.png",
      "https://ssl-cdn.static.browser.mi-img.com/feed/mobile-v2/img/lan-5.549da7db.png",
      "https://ssl-cdn.static.browser.mi-img.com/feed/mobile-v2/img/lantern-night.9be5e16a.png",
      "https://ssl-cdn.static.browser.mi-img.com/feed/mobile-v2/img/lantern-on.5a36b642.png",
      "https://ssl-cdn.static.browser.mi-img.com/feed/mobile-v2/img/lantern.1ae499e9.png",
      "https://ssl-cdn.static.browser.mi-img.com/feed/mobile-v2/img/network-error.c8c84529.png",
      "https://ssl-cdn.static.browser.mi-img.com/feed/mobile-v2/img/no-withdraw-tip.79aa7e5d.png",
      "https://ssl-cdn.static.browser.mi-img.com/feed/mobile-v2/img/novice-bg.e95f087d.png",
      "https://ssl-cdn.static.browser.mi-img.com/feed/mobile-v2/img/novice-lasted-bg.7d88d16b.png",
      "https://ssl-cdn.static.browser.mi-img.com/feed/mobile-v2/img/novice.7880cc6e.png",
      "https://ssl-cdn.static.browser.mi-img.com/feed/mobile-v2/img/package-btn.ba38c79d.png",
      "https://ssl-cdn.static.browser.mi-img.com/feed/mobile-v2/img/package.e45312e5.png",
      "https://ssl-cdn.static.browser.mi-img.com/feed/mobile-v2/img/phonenumber-error.c1aa8c96.png",
      "https://ssl-cdn.static.browser.mi-img.com/feed/mobile-v2/img/play.dc9ce0f5.png",
      "https://ssl-cdn.static.browser.mi-img.com/feed/mobile-v2/img/pneumonia-banner.c1e5bd30.png",
      "https://ssl-cdn.static.browser.mi-img.com/feed/mobile-v2/img/preinvited-bg.e10fecf3.png",
      "https://ssl-cdn.static.browser.mi-img.com/feed/mobile-v2/img/rouse-bg.55117c61.png",
      "https://ssl-cdn.static.browser.mi-img.com/feed/mobile-v2/img/rouse-btn.d4d054bf.png",
      "https://ssl-cdn.static.browser.mi-img.com/feed/mobile-v2/img/rouse-money-bg.af30d6fa.png",
      "https://ssl-cdn.static.browser.mi-img.com/feed/mobile-v2/img/share-bg-4.4.0.6077eb4f.png",
      "https://ssl-cdn.static.browser.mi-img.com/feed/mobile-v2/img/share-bg.8428b310.png",
      "https://ssl-cdn.static.browser.mi-img.com/feed/mobile-v2/img/share-epidemic.f1d388d5.png",
      "https://ssl-cdn.static.browser.mi-img.com/feed/mobile-v2/img/share-lucky-btn.88aef097.png",
      "https://ssl-cdn.static.browser.mi-img.com/feed/mobile-v2/img/share-title.d2a94d81.png",
      "https://ssl-cdn.static.browser.mi-img.com/feed/mobile-v2/img/share.7931187d.png",
      "https://ssl-cdn.static.browser.mi-img.com/feed/mobile-v2/img/slide_1.7ee3128f.png",
      "https://ssl-cdn.static.browser.mi-img.com/feed/mobile-v2/img/slide_10.fe226b6c.png",
      "https://ssl-cdn.static.browser.mi-img.com/feed/mobile-v2/img/slide_2.b2ca1331.png",
      "https://ssl-cdn.static.browser.mi-img.com/feed/mobile-v2/img/slide_3.4e2edd89.png",
      "https://ssl-cdn.static.browser.mi-img.com/feed/mobile-v2/img/slide_5.f52c9a0b.png",
      "https://ssl-cdn.static.browser.mi-img.com/feed/mobile-v2/img/slide_6.52fd19c0.png",
      "https://ssl-cdn.static.browser.mi-img.com/feed/mobile-v2/img/slide_9.a039f7ec.png",
      "https://ssl-cdn.static.browser.mi-img.com/feed/mobile-v2/img/start-click.5b5d7eb8.png",
      "https://ssl-cdn.static.browser.mi-img.com/feed/mobile-v2/img/success.459da10e.png",
      "https://ssl-cdn.static.browser.mi-img.com/feed/mobile-v2/img/tip.17f8c750.png",
      "https://ssl-cdn.static.browser.mi-img.com/feed/mobile-v2/img/turntable-button.4cf72d31.png",
      "https://ssl-cdn.static.browser.mi-img.com/feed/mobile-v2/img/wechat-share.dc284823.png",
      "https://ssl-cdn.static.browser.mi-img.com/feed/mobile-v2/mifeeds-1.0.0.png",
      "https://ssl-cdn.static.browser.mi-img.com/feed/mobile-v2/mining/miner1Animation/images/img_0.png",
      "https://ssl-cdn.static.browser.mi-img.com/feed/mobile-v2/mining/miner1Animation/images/img_1.png",
      "https://ssl-cdn.static.browser.mi-img.com/feed/mobile-v2/mining/miner1Animation/images/img_2.png",
      "https://ssl-cdn.static.browser.mi-img.com/feed/mobile-v2/mining/miner1Animation/images/img_3.png",
      "https://ssl-cdn.static.browser.mi-img.com/feed/mobile-v2/mining/miner2Animation/images/img_0.png",
      "https://ssl-cdn.static.browser.mi-img.com/feed/mobile-v2/mining/miner2Animation/images/img_1.png",
      "https://ssl-cdn.static.browser.mi-img.com/feed/mobile-v2/mining/miner2Animation/images/img_2.png",
      "https://ssl-cdn.static.browser.mi-img.com/feed/mobile-v2/mining/miner2Animation/images/img_3.png",
      "https://ssl-cdn.static.browser.mi-img.com/feed/mobile-v2/mining/miner3Animation/images/img_0.png",
      "https://ssl-cdn.static.browser.mi-img.com/feed/mobile-v2/mining/miner3Animation/images/img_1.png",
      "https://ssl-cdn.static.browser.mi-img.com/feed/mobile-v2/mining/miner3Animation/images/img_2.png",
      "https://ssl-cdn.static.browser.mi-img.com/feed/mobile-v2/mining/miner3Animation/images/img_3.png",
      "https://ssl-cdn.static.browser.mi-img.com/feed/mobile-v2/mining/miner4Animation/images/img_0.png",
      "https://ssl-cdn.static.browser.mi-img.com/feed/mobile-v2/mining/miner4Animation/images/img_1.png",
      "https://ssl-cdn.static.browser.mi-img.com/feed/mobile-v2/mining/miner4Animation/images/img_2.png",
      "https://ssl-cdn.static.browser.mi-img.com/feed/mobile-v2/mining/miner4Animation/images/img_3.png",
      "https://ssl-cdn.static.browser.mi-img.com/feed/mobile-v2/mining/miner4Animation/images/img_4.png",
      "https://ssl-cdn.static.browser.mi-img.com/feed/mobile-v2/mining/tunnalAnimation/images/img_0.png",
      "https://ssl-cdn.static.browser.mi-img.com/feed/mobile-v2/mining/tunnalAnimation/images/img_1.png",
      "https://ssl-cdn.static.browser.mi-img.com/feed/mobile-v2/mining/tunnalAnimation/images/img_2.png",
      "https://ssl-cdn.static.browser.mi-img.com/feed/mobile-v2/mining/tunnalAnimation/images/img_3.png",
      "https://ssl-cdn.static.browser.mi-img.com/feed/mobile-v2/mining/tunnalAnimation/images/img_4.png",
      "https://ssl-cdn.static.browser.mi-img.com/feed/mobile-v2/mining/tunnalAnimation/images/img_5.png",
      "https://ssl-cdn.static.browser.mi-img.com/feed/mobile-v2/partner.png",
      "https://ssl-cdn.static.browser.mi-img.com/feed/mobile-v2/placeholder.png",
      "https://ssl-cdn.static.browser.mi-img.com/feed/mobile-v2/promoter.png"
    ],
    "gif": [
      "https://ssl-cdn.static.browser.mi-img.com/feed/mobile-v2/img/guide-hand.ee751ca1.gif",
      "https://ssl-cdn.static.browser.mi-img.com/feed/mobile-v2/img/open.d02ce371.gif"
    ]
  }
}