{
  "app": {
    "css": "https://ssl-cdn.static.browser.mi-img.com/feed/mobile-v2/css/app.ac770c5b.css",
    "js": "https://ssl-cdn.static.browser.mi-img.com/feed/mobile-v2/js/app-legacy.a44096cc.js"
  },
  "chunk-vendors": {
    "css": "https://ssl-cdn.static.browser.mi-img.com/feed/mobile-v2/css/chunk-vendors.1565d8d3.css",
    "js": "https://ssl-cdn.static.browser.mi-img.com/feed/mobile-v2/js/chunk-vendors-legacy.c05b8388.js"
  },
  "runtime~app": {
    "js": "https://ssl-cdn.static.browser.mi-img.com/feed/mobile-v2/js/runtime~app-legacy.304c877d.js"
  },
  "": {
    "js": [
      "https://ssl-cdn.static.browser.mi-img.com/feed/mobile-v2/axios.min.js",
      "https://ssl-cdn.static.browser.mi-img.com/feed/mobile-v2/es6-promise.auto.min.js",
      "https://ssl-cdn.static.browser.mi-img.com/feed/mobile-v2/fmonitor-0.1.2.min.js",
      "https://ssl-cdn.static.browser.mi-img.com/feed/mobile-v2/fmonitor.min.js",
      "https://ssl-cdn.static.browser.mi-img.com/feed/mobile-v2/js/chunk-007d64d8-legacy.34467e45.js",
      "https://ssl-cdn.static.browser.mi-img.com/feed/mobile-v2/js/chunk-03ff38dc-legacy.955c24cd.js",
      "https://ssl-cdn.static.browser.mi-img.com/feed/mobile-v2/js/chunk-047ba42e-legacy.fca1ff90.js",
      "https://ssl-cdn.static.browser.mi-img.com/feed/mobile-v2/js/chunk-04865b25-legacy.f1d404e3.js",
      "https://ssl-cdn.static.browser.mi-img.com/feed/mobile-v2/js/chunk-098ca68c-legacy.b9ec861e.js",
      "https://ssl-cdn.static.browser.mi-img.com/feed/mobile-v2/js/chunk-13c829e2-legacy.9f972db5.js",
      "https://ssl-cdn.static.browser.mi-img.com/feed/mobile-v2/js/chunk-1909eb98-legacy.bf092560.js",
      "https://ssl-cdn.static.browser.mi-img.com/feed/mobile-v2/js/chunk-1b78e38c-legacy.a00aac95.js",
      "https://ssl-cdn.static.browser.mi-img.com/feed/mobile-v2/js/chunk-1c4012ec-legacy.8f956e84.js",
      "https://ssl-cdn.static.browser.mi-img.com/feed/mobile-v2/js/chunk-1de63a7d-legacy.f740efdc.js",
      "https://ssl-cdn.static.browser.mi-img.com/feed/mobile-v2/js/chunk-1f131a0e-legacy.443e6b28.js",
      "https://ssl-cdn.static.browser.mi-img.com/feed/mobile-v2/js/chunk-20763f46-legacy.e2bce168.js",
      "https://ssl-cdn.static.browser.mi-img.com/feed/mobile-v2/js/chunk-21365ca8-legacy.ccc6a2db.js",
      "https://ssl-cdn.static.browser.mi-img.com/feed/mobile-v2/js/chunk-226714ee-legacy.14c53eb7.js",
      "https://ssl-cdn.static.browser.mi-img.com/feed/mobile-v2/js/chunk-2ad435bc-legacy.c7b5f726.js",
      "https://ssl-cdn.static.browser.mi-img.com/feed/mobile-v2/js/chunk-2d4e3e18-legacy.49642bd4.js",
      "https://ssl-cdn.static.browser.mi-img.com/feed/mobile-v2/js/chunk-2ef4c91c-legacy.ffd57c80.js",
      "https://ssl-cdn.static.browser.mi-img.com/feed/mobile-v2/js/chunk-2f652f83-legacy.7bc6e750.js",
      "https://ssl-cdn.static.browser.mi-img.com/feed/mobile-v2/js/chunk-2f7e5bec-legacy.b16ac878.js",
      "https://ssl-cdn.static.browser.mi-img.com/feed/mobile-v2/js/chunk-33a2df46-legacy.8e772cbd.js",
      "https://ssl-cdn.static.browser.mi-img.com/feed/mobile-v2/js/chunk-3c3a3c09-legacy.333bda28.js",
      "https://ssl-cdn.static.browser.mi-img.com/feed/mobile-v2/js/chunk-3e38c39c-legacy.c224ad4e.js",
      "https://ssl-cdn.static.browser.mi-img.com/feed/mobile-v2/js/chunk-3ed17f52-legacy.c4f5938b.js",
      "https://ssl-cdn.static.browser.mi-img.com/feed/mobile-v2/js/chunk-42ee9d0e-legacy.f72373f1.js",
      "https://ssl-cdn.static.browser.mi-img.com/feed/mobile-v2/js/chunk-44889f5f-legacy.ae7d350b.js",
      "https://ssl-cdn.static.browser.mi-img.com/feed/mobile-v2/js/chunk-46bf202b-legacy.77f8a1ab.js",
      "https://ssl-cdn.static.browser.mi-img.com/feed/mobile-v2/js/chunk-46f30e2a-legacy.1cfff570.js",
      "https://ssl-cdn.static.browser.mi-img.com/feed/mobile-v2/js/chunk-4ec446ed-legacy.63bec9ec.js",
      "https://ssl-cdn.static.browser.mi-img.com/feed/mobile-v2/js/chunk-4ff594cb-legacy.8da34f2a.js",
      "https://ssl-cdn.static.browser.mi-img.com/feed/mobile-v2/js/chunk-5916f5d4-legacy.98060331.js",
      "https://ssl-cdn.static.browser.mi-img.com/feed/mobile-v2/js/chunk-5b54ab8e-legacy.b9e8aaa9.js",
      "https://ssl-cdn.static.browser.mi-img.com/feed/mobile-v2/js/chunk-6164e70f-legacy.ca022036.js",
      "https://ssl-cdn.static.browser.mi-img.com/feed/mobile-v2/js/chunk-6250d7b9-legacy.0d972005.js",
      "https://ssl-cdn.static.browser.mi-img.com/feed/mobile-v2/js/chunk-62980e98-legacy.baba8d05.js",
      "https://ssl-cdn.static.browser.mi-img.com/feed/mobile-v2/js/chunk-691079b5-legacy.75c317ee.js",
      "https://ssl-cdn.static.browser.mi-img.com/feed/mobile-v2/js/chunk-6b554c6c-legacy.b6e968df.js",
      "https://ssl-cdn.static.browser.mi-img.com/feed/mobile-v2/js/chunk-6c1a7d20-legacy.d1d1c22d.js",
      "https://ssl-cdn.static.browser.mi-img.com/feed/mobile-v2/js/chunk-6ee86374-legacy.9f531e11.js",
      "https://ssl-cdn.static.browser.mi-img.com/feed/mobile-v2/js/chunk-6f81d085-legacy.272f42ae.js",
      "https://ssl-cdn.static.browser.mi-img.com/feed/mobile-v2/js/chunk-71d736e3-legacy.33786910.js",
      "https://ssl-cdn.static.browser.mi-img.com/feed/mobile-v2/js/chunk-739a0e66-legacy.f85c47ba.js",
      "https://ssl-cdn.static.browser.mi-img.com/feed/mobile-v2/js/chunk-762f9498-legacy.cd5be5d8.js",
      "https://ssl-cdn.static.browser.mi-img.com/feed/mobile-v2/js/chunk-77fe0b9e-legacy.2b90efe4.js",
      "https://ssl-cdn.static.browser.mi-img.com/feed/mobile-v2/js/chunk-79cc917a-legacy.0ec48273.js",
      "https://ssl-cdn.static.browser.mi-img.com/feed/mobile-v2/js/chunk-7c31ffb4-legacy.bb108598.js",
      "https://ssl-cdn.static.browser.mi-img.com/feed/mobile-v2/js/chunk-7ccc97c9-legacy.e7da84eb.js",
      "https://ssl-cdn.static.browser.mi-img.com/feed/mobile-v2/js/chunk-7f70d583-legacy.ea6d0f2b.js",
      "https://ssl-cdn.static.browser.mi-img.com/feed/mobile-v2/js/chunk-8067a526-legacy.960ab9fd.js",
      "https://ssl-cdn.static.browser.mi-img.com/feed/mobile-v2/js/chunk-8367dcf4-legacy.7324adf7.js",
      "https://ssl-cdn.static.browser.mi-img.com/feed/mobile-v2/js/chunk-8a1ca7c6-legacy.87e13af3.js",
      "https://ssl-cdn.static.browser.mi-img.com/feed/mobile-v2/js/chunk-a2c317c6-legacy.27e9a42f.js",
      "https://ssl-cdn.static.browser.mi-img.com/feed/mobile-v2/js/chunk-a9a6fc3e-legacy.e03d8aec.js",
      "https://ssl-cdn.static.browser.mi-img.com/feed/mobile-v2/js/chunk-aed42a24-legacy.fd4fd1b1.js",
      "https://ssl-cdn.static.browser.mi-img.com/feed/mobile-v2/js/chunk-c07ffb74-legacy.30bb3f45.js",
      "https://ssl-cdn.static.browser.mi-img.com/feed/mobile-v2/js/chunk-ca11ffb4-legacy.2b753a9a.js",
      "https://ssl-cdn.static.browser.mi-img.com/feed/mobile-v2/js/chunk-e06b6e9e-legacy.9145bd3d.js",
      "https://ssl-cdn.static.browser.mi-img.com/feed/mobile-v2/js/chunk-e78cec30-legacy.5f31cc40.js",
      "https://ssl-cdn.static.browser.mi-img.com/feed/mobile-v2/js/chunk-ea62c0f4-legacy.14ce0ba1.js",
      "https://ssl-cdn.static.browser.mi-img.com/feed/mobile-v2/js/chunk-edb6c3ee-legacy.f0067d56.js",
      "https://ssl-cdn.static.browser.mi-img.com/feed/mobile-v2/js/chunk-f486cf58-legacy.00378935.js",
      "https://ssl-cdn.static.browser.mi-img.com/feed/mobile-v2/js/chunk-fdd86cd6-legacy.76d304d9.js",
      "https://ssl-cdn.static.browser.mi-img.com/feed/mobile-v2/js/chunk-ffd90b4a-legacy.0bb2b21f.js",
      "https://ssl-cdn.static.browser.mi-img.com/feed/mobile-v2/mi-detail.min.js",
      "https://ssl-cdn.static.browser.mi-img.com/feed/mobile-v2/miuibrowser.js",
      "https://ssl-cdn.static.browser.mi-img.com/feed/mobile-v2/miuibrowser.min.js",
      "https://ssl-cdn.static.browser.mi-img.com/feed/mobile-v2/raven.min.js",
      "https://ssl-cdn.static.browser.mi-img.com/feed/mobile-v2/service-worker1586942968586.js",
      "https://ssl-cdn.static.browser.mi-img.com/feed/mobile-v2/v.js",
      "https://ssl-cdn.static.browser.mi-img.com/feed/mobile-v2/video-js.min.js",
      "https://ssl-cdn.static.browser.mi-img.com/feed/mobile-v2/vue-router.min.js",
      "https://ssl-cdn.static.browser.mi-img.com/feed/mobile-v2/vue.runtime.min.js",
      "https://ssl-cdn.static.browser.mi-img.com/feed/mobile-v2/workbox-5d3caa67.js"
    ],
    "css": [
      "https://ssl-cdn.static.browser.mi-img.com/feed/mobile-v2/base.css",
      "https://ssl-cdn.static.browser.mi-img.com/feed/mobile-v2/css/chunk-007d64d8.bd29ca63.css",
      "https://ssl-cdn.static.browser.mi-img.com/feed/mobile-v2/css/chunk-03ff38dc.837d2141.css",
      "https://ssl-cdn.static.browser.mi-img.com/feed/mobile-v2/css/chunk-047ba42e.12533560.css",
      "https://ssl-cdn.static.browser.mi-img.com/feed/mobile-v2/css/chunk-04865b25.62779a12.css",
      "https://ssl-cdn.static.browser.mi-img.com/feed/mobile-v2/css/chunk-098ca68c.ec3c9f43.css",
      "https://ssl-cdn.static.browser.mi-img.com/feed/mobile-v2/css/chunk-13c829e2.96814c22.css",
      "https://ssl-cdn.static.browser.mi-img.com/feed/mobile-v2/css/chunk-1909eb98.70c24341.css",
      "https://ssl-cdn.static.browser.mi-img.com/feed/mobile-v2/css/chunk-1b78e38c.93c85da3.css",
      "https://ssl-cdn.static.browser.mi-img.com/feed/mobile-v2/css/chunk-1c4012ec.8f697b7b.css",
      "https://ssl-cdn.static.browser.mi-img.com/feed/mobile-v2/css/chunk-1de63a7d.7b2911f0.css",
      "https://ssl-cdn.static.browser.mi-img.com/feed/mobile-v2/css/chunk-1f131a0e.d7a640d7.css",
      "https://ssl-cdn.static.browser.mi-img.com/feed/mobile-v2/css/chunk-20763f46.f1ab23d0.css",
      "https://ssl-cdn.static.browser.mi-img.com/feed/mobile-v2/css/chunk-21365ca8.41b6341c.css",
      "https://ssl-cdn.static.browser.mi-img.com/feed/mobile-v2/css/chunk-226714ee.5e09fc8f.css",
      "https://ssl-cdn.static.browser.mi-img.com/feed/mobile-v2/css/chunk-2ad435bc.971a5aac.css",
      "https://ssl-cdn.static.browser.mi-img.com/feed/mobile-v2/css/chunk-2d4e3e18.3b93b1b5.css",
      "https://ssl-cdn.static.browser.mi-img.com/feed/mobile-v2/css/chunk-2ef4c91c.f69d84ad.css",
      "https://ssl-cdn.static.browser.mi-img.com/feed/mobile-v2/css/chunk-2f652f83.7f16e8e3.css",
      "https://ssl-cdn.static.browser.mi-img.com/feed/mobile-v2/css/chunk-2f7e5bec.137bda95.css",
      "https://ssl-cdn.static.browser.mi-img.com/feed/mobile-v2/css/chunk-33a2df46.84bcbccb.css",
      "https://ssl-cdn.static.browser.mi-img.com/feed/mobile-v2/css/chunk-3c3a3c09.63e2c27d.css",
      "https://ssl-cdn.static.browser.mi-img.com/feed/mobile-v2/css/chunk-3e38c39c.d3610907.css",
      "https://ssl-cdn.static.browser.mi-img.com/feed/mobile-v2/css/chunk-3ed17f52.a31be725.css",
      "https://ssl-cdn.static.browser.mi-img.com/feed/mobile-v2/css/chunk-42ee9d0e.083862cc.css",
      "https://ssl-cdn.static.browser.mi-img.com/feed/mobile-v2/css/chunk-44889f5f.668378d2.css",
      "https://ssl-cdn.static.browser.mi-img.com/feed/mobile-v2/css/chunk-46bf202b.c5da1b17.css",
      "https://ssl-cdn.static.browser.mi-img.com/feed/mobile-v2/css/chunk-46f30e2a.f285217b.css",
      "https://ssl-cdn.static.browser.mi-img.com/feed/mobile-v2/css/chunk-4ec446ed.68e4aacf.css",
      "https://ssl-cdn.static.browser.mi-img.com/feed/mobile-v2/css/chunk-4ff594cb.634f3523.css",
      "https://ssl-cdn.static.browser.mi-img.com/feed/mobile-v2/css/chunk-5916f5d4.08ce454d.css",
      "https://ssl-cdn.static.browser.mi-img.com/feed/mobile-v2/css/chunk-5b54ab8e.994212db.css",
      "https://ssl-cdn.static.browser.mi-img.com/feed/mobile-v2/css/chunk-6164e70f.ccb3ea81.css",
      "https://ssl-cdn.static.browser.mi-img.com/feed/mobile-v2/css/chunk-6250d7b9.6a8918f9.css",
      "https://ssl-cdn.static.browser.mi-img.com/feed/mobile-v2/css/chunk-62980e98.0005ba78.css",
      "https://ssl-cdn.static.browser.mi-img.com/feed/mobile-v2/css/chunk-691079b5.08d467f0.css",
      "https://ssl-cdn.static.browser.mi-img.com/feed/mobile-v2/css/chunk-6b554c6c.8d88f126.css",
      "https://ssl-cdn.static.browser.mi-img.com/feed/mobile-v2/css/chunk-6c1a7d20.c60d328c.css",
      "https://ssl-cdn.static.browser.mi-img.com/feed/mobile-v2/css/chunk-6ee86374.2748cf76.css",
      "https://ssl-cdn.static.browser.mi-img.com/feed/mobile-v2/css/chunk-6f81d085.1c3a28bb.css",
      "https://ssl-cdn.static.browser.mi-img.com/feed/mobile-v2/css/chunk-71d736e3.740eed37.css",
      "https://ssl-cdn.static.browser.mi-img.com/feed/mobile-v2/css/chunk-739a0e66.cb407b73.css",
      "https://ssl-cdn.static.browser.mi-img.com/feed/mobile-v2/css/chunk-762f9498.d04f3f50.css",
      "https://ssl-cdn.static.browser.mi-img.com/feed/mobile-v2/css/chunk-77fe0b9e.01434b4e.css",
      "https://ssl-cdn.static.browser.mi-img.com/feed/mobile-v2/css/chunk-79cc917a.8c60cb86.css",
      "https://ssl-cdn.static.browser.mi-img.com/feed/mobile-v2/css/chunk-7c31ffb4.89ea9bba.css",
      "https://ssl-cdn.static.browser.mi-img.com/feed/mobile-v2/css/chunk-7f70d583.42808825.css",
      "https://ssl-cdn.static.browser.mi-img.com/feed/mobile-v2/css/chunk-8067a526.76e9f90c.css",
      "https://ssl-cdn.static.browser.mi-img.com/feed/mobile-v2/css/chunk-8367dcf4.76217539.css",
      "https://ssl-cdn.static.browser.mi-img.com/feed/mobile-v2/css/chunk-8a1ca7c6.d5319469.css",
      "https://ssl-cdn.static.browser.mi-img.com/feed/mobile-v2/css/chunk-a2c317c6.799d6fe4.css",
      "https://ssl-cdn.static.browser.mi-img.com/feed/mobile-v2/css/chunk-a9a6fc3e.4629b566.css",
      "https://ssl-cdn.static.browser.mi-img.com/feed/mobile-v2/css/chunk-aed42a24.d8d8507f.css",
      "https://ssl-cdn.static.browser.mi-img.com/feed/mobile-v2/css/chunk-c07ffb74.d4899bfc.css",
      "https://ssl-cdn.static.browser.mi-img.com/feed/mobile-v2/css/chunk-ca11ffb4.95ea0d7a.css",
      "https://ssl-cdn.static.browser.mi-img.com/feed/mobile-v2/css/chunk-e06b6e9e.238de360.css",
      "https://ssl-cdn.static.browser.mi-img.com/feed/mobile-v2/css/chunk-e78cec30.a70211c6.css",
      "https://ssl-cdn.static.browser.mi-img.com/feed/mobile-v2/css/chunk-ea62c0f4.3c1642ec.css",
      "https://ssl-cdn.static.browser.mi-img.com/feed/mobile-v2/css/chunk-edb6c3ee.bc07a30b.css",
      "https://ssl-cdn.static.browser.mi-img.com/feed/mobile-v2/css/chunk-f486cf58.fcb52996.css",
      "https://ssl-cdn.static.browser.mi-img.com/feed/mobile-v2/css/chunk-fdd86cd6.9e1f3461.css",
      "https://ssl-cdn.static.browser.mi-img.com/feed/mobile-v2/css/chunk-ffd90b4a.8c24edf8.css",
      "https://ssl-cdn.static.browser.mi-img.com/feed/mobile-v2/miuibrowser.css",
      "https://ssl-cdn.static.browser.mi-img.com/feed/mobile-v2/miuibrowser.min.css",
      "https://ssl-cdn.static.browser.mi-img.com/feed/mobile-v2/video-js.min.css",
      "https://ssl-cdn.static.browser.mi-img.com/feed/mobile-v2/xknews.css",
      "https://ssl-cdn.static.browser.mi-img.com/feed/mobile-v2/xknews.min.css"
    ],
    "json": [
      "https://ssl-cdn.static.browser.mi-img.com/feed/mobile-v2/detail.json",
      "https://ssl-cdn.static.browser.mi-img.com/feed/mobile-v2/map.json",
      "https://ssl-cdn.static.browser.mi-img.com/feed/mobile-v2/mining/miner1Animation/data.json",
      "https://ssl-cdn.static.browser.mi-img.com/feed/mobile-v2/mining/miner2Animation/data.json",
      "https://ssl-cdn.static.browser.mi-img.com/feed/mobile-v2/mining/miner3Animation/data.json",
      "https://ssl-cdn.static.browser.mi-img.com/feed/mobile-v2/mining/miner4Animation/data.json",
      "https://ssl-cdn.static.browser.mi-img.com/feed/mobile-v2/mining/tunnalAnimation/data.json",
      "https://ssl-cdn.static.browser.mi-img.com/feed/mobile-v2/offlineCache.common.demotion.json",
      "https://ssl-cdn.static.browser.mi-img.com/feed/mobile-v2/offlineCache.common.json"
    ],
    "webp": [
      "https://ssl-cdn.static.browser.mi-img.com/feed/mobile-v2/img/1.756bed00.webp",
      "https://ssl-cdn.static.browser.mi-img.com/feed/mobile-v2/img/activityRule-title.395cd327.webp",
      "https://ssl-cdn.static.browser.mi-img.com/feed/mobile-v2/img/alertLinkman.a46ea7d1.webp",
      "https://ssl-cdn.static.browser.mi-img.com/feed/mobile-v2/img/award-active.3f06b854.webp",
      "https://ssl-cdn.static.browser.mi-img.com/feed/mobile-v2/img/award-tip.3a12dd80.webp",
      "https://ssl-cdn.static.browser.mi-img.com/feed/mobile-v2/img/back-dialog-bg.d20acb0f.webp",
      "https://ssl-cdn.static.browser.mi-img.com/feed/mobile-v2/img/background.f69e98ed.webp",
      "https://ssl-cdn.static.browser.mi-img.com/feed/mobile-v2/img/badluck-icon.846fa057.webp",
      "https://ssl-cdn.static.browser.mi-img.com/feed/mobile-v2/img/bg.487c520f.webp",
      "https://ssl-cdn.static.browser.mi-img.com/feed/mobile-v2/img/bg.608e551d.webp",
      "https://ssl-cdn.static.browser.mi-img.com/feed/mobile-v2/img/bg.65608b51.webp",
      "https://ssl-cdn.static.browser.mi-img.com/feed/mobile-v2/img/bg.7b055255.webp",
      "https://ssl-cdn.static.browser.mi-img.com/feed/mobile-v2/img/big-award-tip.f9349597.webp",
      "https://ssl-cdn.static.browser.mi-img.com/feed/mobile-v2/img/calendar.afa47735.webp",
      "https://ssl-cdn.static.browser.mi-img.com/feed/mobile-v2/img/calendar.d656139a.webp",
      "https://ssl-cdn.static.browser.mi-img.com/feed/mobile-v2/img/cancel-0.2385241a.webp",
      "https://ssl-cdn.static.browser.mi-img.com/feed/mobile-v2/img/cancel-1.45e4bb6f.webp",
      "https://ssl-cdn.static.browser.mi-img.com/feed/mobile-v2/img/cashPlaceholder.4b7a2a30.webp",
      "https://ssl-cdn.static.browser.mi-img.com/feed/mobile-v2/img/channel.24d855da.webp",
      "https://ssl-cdn.static.browser.mi-img.com/feed/mobile-v2/img/cloudLeft.d8db7b06.webp",
      "https://ssl-cdn.static.browser.mi-img.com/feed/mobile-v2/img/cloudRight.ba8c070e.webp",
      "https://ssl-cdn.static.browser.mi-img.com/feed/mobile-v2/img/coin-icon.b303ba91.webp",
      "https://ssl-cdn.static.browser.mi-img.com/feed/mobile-v2/img/coin-modal.a9b60455.webp",
      "https://ssl-cdn.static.browser.mi-img.com/feed/mobile-v2/img/coin.53adb862.webp",
      "https://ssl-cdn.static.browser.mi-img.com/feed/mobile-v2/img/confirm-0.ae020a46.webp",
      "https://ssl-cdn.static.browser.mi-img.com/feed/mobile-v2/img/confirm-1.89c7c6f6.webp",
      "https://ssl-cdn.static.browser.mi-img.com/feed/mobile-v2/img/congratulateModal.35cec1c0.webp",
      "https://ssl-cdn.static.browser.mi-img.com/feed/mobile-v2/img/coupon-10.3ba7b1f6.webp",
      "https://ssl-cdn.static.browser.mi-img.com/feed/mobile-v2/img/coupon-20.92cf01b8.webp",
      "https://ssl-cdn.static.browser.mi-img.com/feed/mobile-v2/img/coupon.d0944cce.webp",
      "https://ssl-cdn.static.browser.mi-img.com/feed/mobile-v2/img/depositAccount.a0751d5a.webp",
      "https://ssl-cdn.static.browser.mi-img.com/feed/mobile-v2/img/dialog-bg.6c943f0b.webp",
      "https://ssl-cdn.static.browser.mi-img.com/feed/mobile-v2/img/dialog-icon.e5c8f5e5.webp",
      "https://ssl-cdn.static.browser.mi-img.com/feed/mobile-v2/img/dialog.3623dcbb.webp",
      "https://ssl-cdn.static.browser.mi-img.com/feed/mobile-v2/img/dialog.e942a16d.webp",
      "https://ssl-cdn.static.browser.mi-img.com/feed/mobile-v2/img/dialogHeader.db0d27c3.webp",
      "https://ssl-cdn.static.browser.mi-img.com/feed/mobile-v2/img/exchange-btn.97e2aa05.webp",
      "https://ssl-cdn.static.browser.mi-img.com/feed/mobile-v2/img/exchangeCoin.dcfbf4e2.webp",
      "https://ssl-cdn.static.browser.mi-img.com/feed/mobile-v2/img/face.89ec270a.webp",
      "https://ssl-cdn.static.browser.mi-img.com/feed/mobile-v2/img/facePrizebg.e0bdf717.webp",
      "https://ssl-cdn.static.browser.mi-img.com/feed/mobile-v2/img/getGoldIconModal.1dd25b81.webp",
      "https://ssl-cdn.static.browser.mi-img.com/feed/mobile-v2/img/gift.5f1a72f4.webp",
      "https://ssl-cdn.static.browser.mi-img.com/feed/mobile-v2/img/goods.c4d43667.webp",
      "https://ssl-cdn.static.browser.mi-img.com/feed/mobile-v2/img/goto-app.f1d79e9c.webp",
      "https://ssl-cdn.static.browser.mi-img.com/feed/mobile-v2/img/group.164e024b.webp",
      "https://ssl-cdn.static.browser.mi-img.com/feed/mobile-v2/img/guide0.50347e0e.webp",
      "https://ssl-cdn.static.browser.mi-img.com/feed/mobile-v2/img/guide1.bd1ebc54.webp",
      "https://ssl-cdn.static.browser.mi-img.com/feed/mobile-v2/img/guide2.068f852e.webp",
      "https://ssl-cdn.static.browser.mi-img.com/feed/mobile-v2/img/income-bg.7af3ce02.webp",
      "https://ssl-cdn.static.browser.mi-img.com/feed/mobile-v2/img/income-btn.ba038721.webp",
      "https://ssl-cdn.static.browser.mi-img.com/feed/mobile-v2/img/init-btn.b22590fc.webp",
      "https://ssl-cdn.static.browser.mi-img.com/feed/mobile-v2/img/inspect-btn.64877ca4.webp",
      "https://ssl-cdn.static.browser.mi-img.com/feed/mobile-v2/img/inspect.0e28ae04.webp",
      "https://ssl-cdn.static.browser.mi-img.com/feed/mobile-v2/img/invitation-bg.d38e5295.webp",
      "https://ssl-cdn.static.browser.mi-img.com/feed/mobile-v2/img/invitation-btn.6b6ea4a6.webp",
      "https://ssl-cdn.static.browser.mi-img.com/feed/mobile-v2/img/invite-more.726295a7.webp",
      "https://ssl-cdn.static.browser.mi-img.com/feed/mobile-v2/img/invite.94fa084e.webp",
      "https://ssl-cdn.static.browser.mi-img.com/feed/mobile-v2/img/know.1108cbea.webp",
      "https://ssl-cdn.static.browser.mi-img.com/feed/mobile-v2/img/light.6a499c77.webp",
      "https://ssl-cdn.static.browser.mi-img.com/feed/mobile-v2/img/location.f31d7772.webp",
      "https://ssl-cdn.static.browser.mi-img.com/feed/mobile-v2/img/lottery-light-2.a7b0026b.webp",
      "https://ssl-cdn.static.browser.mi-img.com/feed/mobile-v2/img/lottery-light.6b717bef.webp",
      "https://ssl-cdn.static.browser.mi-img.com/feed/mobile-v2/img/lucky-pool.bb1435bb.webp",
      "https://ssl-cdn.static.browser.mi-img.com/feed/mobile-v2/img/lucky-star.a42dc039.webp",
      "https://ssl-cdn.static.browser.mi-img.com/feed/mobile-v2/img/miner1.81c692ac.webp",
      "https://ssl-cdn.static.browser.mi-img.com/feed/mobile-v2/img/miner2.22ad357b.webp",
      "https://ssl-cdn.static.browser.mi-img.com/feed/mobile-v2/img/miner3.de44a401.webp",
      "https://ssl-cdn.static.browser.mi-img.com/feed/mobile-v2/img/miner4.b0a80bd3.webp",
      "https://ssl-cdn.static.browser.mi-img.com/feed/mobile-v2/img/modal.27ff7fea.webp",
      "https://ssl-cdn.static.browser.mi-img.com/feed/mobile-v2/img/moments.d5955e84.webp",
      "https://ssl-cdn.static.browser.mi-img.com/feed/mobile-v2/img/more-invite.e4789046.webp",
      "https://ssl-cdn.static.browser.mi-img.com/feed/mobile-v2/img/needupdate-banner.abb21c7f.webp",
      "https://ssl-cdn.static.browser.mi-img.com/feed/mobile-v2/img/needupdate-content.2549f772.webp",
      "https://ssl-cdn.static.browser.mi-img.com/feed/mobile-v2/img/needupdate-content.40810e6e.webp",
      "https://ssl-cdn.static.browser.mi-img.com/feed/mobile-v2/img/nomoney.8d5b40e1.webp",
      "https://ssl-cdn.static.browser.mi-img.com/feed/mobile-v2/img/open.360eccbc.webp",
      "https://ssl-cdn.static.browser.mi-img.com/feed/mobile-v2/img/partner-poster-bg.10798949.webp",
      "https://ssl-cdn.static.browser.mi-img.com/feed/mobile-v2/img/partner-top.e47825be.webp",
      "https://ssl-cdn.static.browser.mi-img.com/feed/mobile-v2/img/people.9680a571.webp",
      "https://ssl-cdn.static.browser.mi-img.com/feed/mobile-v2/img/phone-icon.f5a6cddf.webp",
      "https://ssl-cdn.static.browser.mi-img.com/feed/mobile-v2/img/pig-go-sign.31e2c631.webp",
      "https://ssl-cdn.static.browser.mi-img.com/feed/mobile-v2/img/pig-sign.a87cb71f.webp",
      "https://ssl-cdn.static.browser.mi-img.com/feed/mobile-v2/img/pig-start.c4e9c563.webp",
      "https://ssl-cdn.static.browser.mi-img.com/feed/mobile-v2/img/processStep-title.10fafb44.webp",
      "https://ssl-cdn.static.browser.mi-img.com/feed/mobile-v2/img/qq.4e282df4.webp",
      "https://ssl-cdn.static.browser.mi-img.com/feed/mobile-v2/img/qq.9ad94db4.webp",
      "https://ssl-cdn.static.browser.mi-img.com/feed/mobile-v2/img/reading.4de3e1bb.webp",
      "https://ssl-cdn.static.browser.mi-img.com/feed/mobile-v2/img/receiveRedPacketModal.744dbfd4.webp",
      "https://ssl-cdn.static.browser.mi-img.com/feed/mobile-v2/img/record-empty.b50c11f7.webp",
      "https://ssl-cdn.static.browser.mi-img.com/feed/mobile-v2/img/record-intro-bg.4edf5a9e.webp",
      "https://ssl-cdn.static.browser.mi-img.com/feed/mobile-v2/img/record-share.25204e00.webp",
      "https://ssl-cdn.static.browser.mi-img.com/feed/mobile-v2/img/recordStats.35820524.webp",
      "https://ssl-cdn.static.browser.mi-img.com/feed/mobile-v2/img/recruit-btn.8fe5d026.webp",
      "https://ssl-cdn.static.browser.mi-img.com/feed/mobile-v2/img/recruitMiner1.c44d50f4.webp",
      "https://ssl-cdn.static.browser.mi-img.com/feed/mobile-v2/img/recruitMiner2.a29c884e.webp",
      "https://ssl-cdn.static.browser.mi-img.com/feed/mobile-v2/img/recruitMiner3.fcfb4bdc.webp",
      "https://ssl-cdn.static.browser.mi-img.com/feed/mobile-v2/img/roulette_bg.e9dbc34f.webp",
      "https://ssl-cdn.static.browser.mi-img.com/feed/mobile-v2/img/roulette_bg_coin.aa8e3cfb.webp",
      "https://ssl-cdn.static.browser.mi-img.com/feed/mobile-v2/img/roulette_pointer.f0681f16.webp",
      "https://ssl-cdn.static.browser.mi-img.com/feed/mobile-v2/img/running-bg.fbd981b4.webp",
      "https://ssl-cdn.static.browser.mi-img.com/feed/mobile-v2/img/seal.8b04a13d.webp",
      "https://ssl-cdn.static.browser.mi-img.com/feed/mobile-v2/img/shops.57bc284a.webp",
      "https://ssl-cdn.static.browser.mi-img.com/feed/mobile-v2/img/sms-banner.4321902f.webp",
      "https://ssl-cdn.static.browser.mi-img.com/feed/mobile-v2/img/sms-page-bg.4accbbb2.webp",
      "https://ssl-cdn.static.browser.mi-img.com/feed/mobile-v2/img/sms.de158fd5.webp",
      "https://ssl-cdn.static.browser.mi-img.com/feed/mobile-v2/img/teach-bottom.3e478c85.webp",
      "https://ssl-cdn.static.browser.mi-img.com/feed/mobile-v2/img/teach-mask.4f50eebd.webp",
      "https://ssl-cdn.static.browser.mi-img.com/feed/mobile-v2/img/teach-person.e9bd4050.webp",
      "https://ssl-cdn.static.browser.mi-img.com/feed/mobile-v2/img/teach.9c77138d.webp",
      "https://ssl-cdn.static.browser.mi-img.com/feed/mobile-v2/img/ten-year-bg.4339fe14.webp",
      "https://ssl-cdn.static.browser.mi-img.com/feed/mobile-v2/img/toast.dff1e34c.webp",
      "https://ssl-cdn.static.browser.mi-img.com/feed/mobile-v2/img/toastModal.e2f3d09d.webp",
      "https://ssl-cdn.static.browser.mi-img.com/feed/mobile-v2/img/toolsMiner.ccbd3639.webp",
      "https://ssl-cdn.static.browser.mi-img.com/feed/mobile-v2/img/truck.bac9770d.webp",
      "https://ssl-cdn.static.browser.mi-img.com/feed/mobile-v2/img/turntable.1f4e5b93.webp",
      "https://ssl-cdn.static.browser.mi-img.com/feed/mobile-v2/img/update.b7cc2259.webp",
      "https://ssl-cdn.static.browser.mi-img.com/feed/mobile-v2/img/updateVersion.1843807e.webp",
      "https://ssl-cdn.static.browser.mi-img.com/feed/mobile-v2/img/watermark.7795a529.webp",
      "https://ssl-cdn.static.browser.mi-img.com/feed/mobile-v2/img/watermark.f34f059c.webp",
      "https://ssl-cdn.static.browser.mi-img.com/feed/mobile-v2/img/wechat-login-btn.74968caa.webp",
      "https://ssl-cdn.static.browser.mi-img.com/feed/mobile-v2/img/wechat.169be63f.webp",
      "https://ssl-cdn.static.browser.mi-img.com/feed/mobile-v2/img/wechat.335f7e3d.webp",
      "https://ssl-cdn.static.browser.mi-img.com/feed/mobile-v2/img/wechat.5539640e.webp",
      "https://ssl-cdn.static.browser.mi-img.com/feed/mobile-v2/img/withdraw-empty.28c68e14.webp",
      "https://ssl-cdn.static.browser.mi-img.com/feed/mobile-v2/img/withdraw-record-empty.e1dea5d6.webp"
    ],
    "jpg": [
      "https://ssl-cdn.static.browser.mi-img.com/feed/mobile-v2/img/banner.a3b17f44.jpg",
      "https://ssl-cdn.static.browser.mi-img.com/feed/mobile-v2/img/bg.7d3910ab.jpg",
      "https://ssl-cdn.static.browser.mi-img.com/feed/mobile-v2/img/slide-cover.371a0951.jpg"
    ],
    "png": [
      "https://ssl-cdn.static.browser.mi-img.com/feed/mobile-v2/img/bannet.287421bb.png",
      "https://ssl-cdn.static.browser.mi-img.com/feed/mobile-v2/img/bg.7ff407b2.png",
      "https://ssl-cdn.static.browser.mi-img.com/feed/mobile-v2/img/browser-open.26a46db6.png",
      "https://ssl-cdn.static.browser.mi-img.com/feed/mobile-v2/img/change-bg-1.7906299d.png",
      "https://ssl-cdn.static.browser.mi-img.com/feed/mobile-v2/img/change-bg-2.eedc58bd.png",
      "https://ssl-cdn.static.browser.mi-img.com/feed/mobile-v2/img/click-browser.fa4e068c.png",
      "https://ssl-cdn.static.browser.mi-img.com/feed/mobile-v2/img/designation.868aa58d.png",
      "https://ssl-cdn.static.browser.mi-img.com/feed/mobile-v2/img/download-tip-top.34e7d5f7.png",
      "https://ssl-cdn.static.browser.mi-img.com/feed/mobile-v2/img/download-top.ad4774d1.png",
      "https://ssl-cdn.static.browser.mi-img.com/feed/mobile-v2/img/download.138b1ba1.png",
      "https://ssl-cdn.static.browser.mi-img.com/feed/mobile-v2/img/fallback-recode.414d2f4a.png",
      "https://ssl-cdn.static.browser.mi-img.com/feed/mobile-v2/img/guide-arrow.d61ce9be.png",
      "https://ssl-cdn.static.browser.mi-img.com/feed/mobile-v2/img/guide.04dc2dbc.png",
      "https://ssl-cdn.static.browser.mi-img.com/feed/mobile-v2/img/lan-3.49d93acc.png",
      "https://ssl-cdn.static.browser.mi-img.com/feed/mobile-v2/img/lan-4.00bcc226.png",
      "https://ssl-cdn.static.browser.mi-img.com/feed/mobile-v2/img/lan-5.549da7db.png",
      "https://ssl-cdn.static.browser.mi-img.com/feed/mobile-v2/img/lantern-night.9be5e16a.png",
      "https://ssl-cdn.static.browser.mi-img.com/feed/mobile-v2/img/lantern-on.5a36b642.png",
      "https://ssl-cdn.static.browser.mi-img.com/feed/mobile-v2/img/lantern.1ae499e9.png",
      "https://ssl-cdn.static.browser.mi-img.com/feed/mobile-v2/img/network-error.c8c84529.png",
      "https://ssl-cdn.static.browser.mi-img.com/feed/mobile-v2/img/no-withdraw-tip.79aa7e5d.png",
      "https://ssl-cdn.static.browser.mi-img.com/feed/mobile-v2/img/novice-bg.e95f087d.png",
      "https://ssl-cdn.static.browser.mi-img.com/feed/mobile-v2/img/novice-lasted-bg.7d88d16b.png",
      "https://ssl-cdn.static.browser.mi-img.com/feed/mobile-v2/img/novice.7880cc6e.png",
      "https://ssl-cdn.static.browser.mi-img.com/feed/mobile-v2/img/package-btn.ba38c79d.png",
      "https://ssl-cdn.static.browser.mi-img.com/feed/mobile-v2/img/package.e45312e5.png",
      "https://ssl-cdn.static.browser.mi-img.com/feed/mobile-v2/img/phonenumber-error.c1aa8c96.png",
      "https://ssl-cdn.static.browser.mi-img.com/feed/mobile-v2/img/play.dc9ce0f5.png",
      "https://ssl-cdn.static.browser.mi-img.com/feed/mobile-v2/img/pneumonia-banner.c1e5bd30.png",
      "https://ssl-cdn.static.browser.mi-img.com/feed/mobile-v2/img/preinvited-bg.e10fecf3.png",
      "https://ssl-cdn.static.browser.mi-img.com/feed/mobile-v2/img/rouse-bg.55117c61.png",
      "https://ssl-cdn.static.browser.mi-img.com/feed/mobile-v2/img/rouse-btn.d4d054bf.png",
      "https://ssl-cdn.static.browser.mi-img.com/feed/mobile-v2/img/rouse-money-bg.af30d6fa.png",
      "https://ssl-cdn.static.browser.mi-img.com/feed/mobile-v2/img/share-bg-4.4.0.6077eb4f.png",
      "https://ssl-cdn.static.browser.mi-img.com/feed/mobile-v2/img/share-bg.8428b310.png",
      "https://ssl-cdn.static.browser.mi-img.com/feed/mobile-v2/img/share-epidemic.f1d388d5.png",
      "https://ssl-cdn.static.browser.mi-img.com/feed/mobile-v2/img/share-lucky-btn.88aef097.png",
      "https://ssl-cdn.static.browser.mi-img.com/feed/mobile-v2/img/share-title.d2a94d81.png",
      "https://ssl-cdn.static.browser.mi-img.com/feed/mobile-v2/img/share.7931187d.png",
      "https://ssl-cdn.static.browser.mi-img.com/feed/mobile-v2/img/slide_1.7ee3128f.png",
      "https://ssl-cdn.static.browser.mi-img.com/feed/mobile-v2/img/slide_10.fe226b6c.png",
      "https://ssl-cdn.static.browser.mi-img.com/feed/mobile-v2/img/slide_2.b2ca1331.png",
      "https://ssl-cdn.static.browser.mi-img.com/feed/mobile-v2/img/slide_3.4e2edd89.png",
      "https://ssl-cdn.static.browser.mi-img.com/feed/mobile-v2/img/slide_5.f52c9a0b.png",
      "https://ssl-cdn.static.browser.mi-img.com/feed/mobile-v2/img/slide_6.52fd19c0.png",
      "https://ssl-cdn.static.browser.mi-img.com/feed/mobile-v2/img/slide_9.a039f7ec.png",
      "https://ssl-cdn.static.browser.mi-img.com/feed/mobile-v2/img/start-click.5b5d7eb8.png",
      "https://ssl-cdn.static.browser.mi-img.com/feed/mobile-v2/img/success.459da10e.png",
      "https://ssl-cdn.static.browser.mi-img.com/feed/mobile-v2/img/tip.17f8c750.png",
      "https://ssl-cdn.static.browser.mi-img.com/feed/mobile-v2/img/turntable-button.4cf72d31.png",
      "https://ssl-cdn.static.browser.mi-img.com/feed/mobile-v2/img/wechat-share.dc284823.png",
      "https://ssl-cdn.static.browser.mi-img.com/feed/mobile-v2/mifeeds-1.0.0.png",
      "https://ssl-cdn.static.browser.mi-img.com/feed/mobile-v2/mining/miner1Animation/images/img_0.png",
      "https://ssl-cdn.static.browser.mi-img.com/feed/mobile-v2/mining/miner1Animation/images/img_1.png",
      "https://ssl-cdn.static.browser.mi-img.com/feed/mobile-v2/mining/miner1Animation/images/img_2.png",
      "https://ssl-cdn.static.browser.mi-img.com/feed/mobile-v2/mining/miner1Animation/images/img_3.png",
      "https://ssl-cdn.static.browser.mi-img.com/feed/mobile-v2/mining/miner2Animation/images/img_0.png",
      "https://ssl-cdn.static.browser.mi-img.com/feed/mobile-v2/mining/miner2Animation/images/img_1.png",
      "https://ssl-cdn.static.browser.mi-img.com/feed/mobile-v2/mining/miner2Animation/images/img_2.png",
      "https://ssl-cdn.static.browser.mi-img.com/feed/mobile-v2/mining/miner2Animation/images/img_3.png",
      "https://ssl-cdn.static.browser.mi-img.com/feed/mobile-v2/mining/miner3Animation/images/img_0.png",
      "https://ssl-cdn.static.browser.mi-img.com/feed/mobile-v2/mining/miner3Animation/images/img_1.png",
      "https://ssl-cdn.static.browser.mi-img.com/feed/mobile-v2/mining/miner3Animation/images/img_2.png",
      "https://ssl-cdn.static.browser.mi-img.com/feed/mobile-v2/mining/miner3Animation/images/img_3.png",
      "https://ssl-cdn.static.browser.mi-img.com/feed/mobile-v2/mining/miner4Animation/images/img_0.png",
      "https://ssl-cdn.static.browser.mi-img.com/feed/mobile-v2/mining/miner4Animation/images/img_1.png",
      "https://ssl-cdn.static.browser.mi-img.com/feed/mobile-v2/mining/miner4Animation/images/img_2.png",
      "https://ssl-cdn.static.browser.mi-img.com/feed/mobile-v2/mining/miner4Animation/images/img_3.png",
      "https://ssl-cdn.static.browser.mi-img.com/feed/mobile-v2/mining/miner4Animation/images/img_4.png",
      "https://ssl-cdn.static.browser.mi-img.com/feed/mobile-v2/mining/tunnalAnimation/images/img_0.png",
      "https://ssl-cdn.static.browser.mi-img.com/feed/mobile-v2/mining/tunnalAnimation/images/img_1.png",
      "https://ssl-cdn.static.browser.mi-img.com/feed/mobile-v2/mining/tunnalAnimation/images/img_2.png",
      "https://ssl-cdn.static.browser.mi-img.com/feed/mobile-v2/mining/tunnalAnimation/images/img_3.png",
      "https://ssl-cdn.static.browser.mi-img.com/feed/mobile-v2/mining/tunnalAnimation/images/img_4.png",
      "https://ssl-cdn.static.browser.mi-img.com/feed/mobile-v2/mining/tunnalAnimation/images/img_5.png",
      "https://ssl-cdn.static.browser.mi-img.com/feed/mobile-v2/partner.png",
      "https://ssl-cdn.static.browser.mi-img.com/feed/mobile-v2/placeholder.png",
      "https://ssl-cdn.static.browser.mi-img.com/feed/mobile-v2/promoter.png"
    ],
    "gif": [
      "https://ssl-cdn.static.browser.mi-img.com/feed/mobile-v2/img/guide-hand.ee751ca1.gif",
      "https://ssl-cdn.static.browser.mi-img.com/feed/mobile-v2/img/open.d02ce371.gif"
    ]
  }
}