{"v":"5.5.7","fr":60,"ip":0,"op":73,"w":900,"h":900,"nm":"合成 2","ddd":0,"assets":[{"id":"image_0","w":805,"h":480,"u":"images/","p":"img_0.png","e":0},{"id":"image_1","w":530,"h":123,"u":"images/","p":"img_1.png","e":0},{"id":"image_2","w":142,"h":145,"u":"images/","p":"img_2.png","e":0},{"id":"image_3","w":84,"h":140,"u":"images/","p":"img_3.png","e":0},{"id":"image_4","w":133,"h":143,"u":"images/","p":"img_4.png","e":0},{"id":"image_5","w":558,"h":64,"u":"images/","p":"img_5.png","e":0}],"layers":[{"ddd":0,"ind":2,"ty":2,"nm":"金币框.png","cl":"png","refId":"image_0","sr":1,"ks":{"o":{"a":0,"k":100,"ix":11},"r":{"a":0,"k":0,"ix":10},"p":{"a":0,"k":[418,564,0],"ix":2},"a":{"a":0,"k":[402.5,240,0],"ix":1},"s":{"a":0,"k":[100,100,100],"ix":6}},"ao":0,"ip":0,"op":1800,"st":0,"bm":0},{"ddd":0,"ind":3,"ty":2,"nm":"金币组.png","cl":"png","refId":"image_1","sr":1,"ks":{"o":{"a":0,"k":100,"ix":11},"r":{"a":0,"k":0,"ix":10},"p":{"a":1,"k":[{"i":{"x":0.833,"y":0.833},"o":{"x":0.167,"y":0.167},"t":58,"s":[537,361,0],"e":[537,350,0],"to":[0,-1.833,0],"ti":[0,-1.5,0]},{"i":{"x":0.833,"y":0.833},"o":{"x":0.167,"y":0.167},"t":69,"s":[537,350,0],"e":[537,370,0],"to":[0,1.5,0],"ti":[0,-1.667,0]},{"i":{"x":0.833,"y":0.833},"o":{"x":0.167,"y":0.167},"t":79,"s":[537,370,0],"e":[537,360,0],"to":[0,1.667,0],"ti":[0,1.667,0]},{"t":86}],"ix":2},"a":{"a":0,"k":[265,61.5,0],"ix":1},"s":{"a":0,"k":[100,100,100],"ix":6}},"ao":0,"ip":0,"op":1800,"st":0,"bm":0},{"ddd":0,"ind":4,"ty":2,"nm":"金币.png","cl":"png","refId":"image_2","sr":1,"ks":{"o":{"a":1,"k":[{"i":{"x":[0.833],"y":[0.833]},"o":{"x":[0.167],"y":[0.167]},"t":0,"s":[6],"e":[100]},{"t":32}],"ix":11},"r":{"a":0,"k":0,"ix":10},"p":{"a":1,"k":[{"i":{"x":0.833,"y":0.833},"o":{"x":0.167,"y":0.167},"t":13,"s":[81,292,0],"e":[359.687,111.94,0],"to":[0,24.705,0],"ti":[-209.438,-38.46,0]},{"i":{"x":0.833,"y":0.833},"o":{"x":0.167,"y":0.167},"t":44,"s":[359.687,111.94,0],"e":[553,434,0],"to":[197.834,36.329,0],"ti":[0,0,0]},{"t":68}],"ix":2},"a":{"a":0,"k":[66.5,71.5,0],"ix":1},"s":{"a":1,"k":[{"i":{"x":[0.833,0.833,0.833],"y":[0.833,0.833,0.833]},"o":{"x":[0.167,0.167,0.167],"y":[0.167,0.167,0.167]},"t":0,"s":[0,0,100],"e":[30.926,30.926,100]},{"i":{"x":[0.833,0.833,0.833],"y":[0.833,0.833,0.833]},"o":{"x":[0.167,0.167,0.167],"y":[0.167,0.167,0.167]},"t":41,"s":[30.926,30.926,100],"e":[64,64,100]},{"t":69}],"ix":6}},"ao":0,"ip":0,"op":1800,"st":0,"bm":0},{"ddd":0,"ind":5,"ty":2,"nm":"金币.png","cl":"png","refId":"image_2","sr":1,"ks":{"o":{"a":1,"k":[{"i":{"x":[0.833],"y":[0.833]},"o":{"x":[0.167],"y":[0.167]},"t":0,"s":[6],"e":[100]},{"t":51}],"ix":11},"r":{"a":0,"k":0,"ix":10},"p":{"a":1,"k":[{"i":{"x":0.833,"y":0.833},"o":{"x":0.167,"y":0.167},"t":0,"s":[67,360,0],"e":[315.102,285.439,0],"to":[9.632,-81.839,0],"ti":[-122.207,-46.207,0]},{"i":{"x":0.833,"y":0.833},"o":{"x":0.167,"y":0.167},"t":36,"s":[315.102,285.439,0],"e":[432,420,0],"to":[79.605,30.099,0],"ti":[0,0,0]},{"t":62}],"ix":2},"a":{"a":0,"k":[66.5,71.5,0],"ix":1},"s":{"a":1,"k":[{"i":{"x":[0.833,0.833,0.833],"y":[0.833,0.833,0.833]},"o":{"x":[0.167,0.167,0.167],"y":[0.167,0.167,0.167]},"t":0,"s":[0,0,100],"e":[37.085,37.085,100]},{"t":49}],"ix":6}},"ao":0,"ip":0,"op":1800,"st":0,"bm":0},{"ddd":0,"ind":6,"ty":2,"nm":"金币 拷贝 15.png","cl":"png","refId":"image_3","sr":1,"ks":{"o":{"a":1,"k":[{"i":{"x":[0.833],"y":[0.833]},"o":{"x":[0.167],"y":[0.167]},"t":0,"s":[6],"e":[100]},{"t":32}],"ix":11},"r":{"a":0,"k":0,"ix":10},"p":{"a":1,"k":[{"i":{"x":0.833,"y":0.833},"o":{"x":0.167,"y":0.167},"t":11,"s":[77,328,0],"e":[359.687,167.94,0],"to":[0,24.705,0],"ti":[-168.348,-6.872,0]},{"i":{"x":0.833,"y":0.833},"o":{"x":0.167,"y":0.167},"t":32,"s":[359.687,167.94,0],"e":[735,434,0],"to":[343.941,14.039,0],"ti":[0,0,0]},{"t":64}],"ix":2},"a":{"a":0,"k":[66.5,71.5,0],"ix":1},"s":{"a":1,"k":[{"i":{"x":[0.833,0.833,0.833],"y":[0.833,0.833,0.833]},"o":{"x":[0.167,0.167,0.167],"y":[0.167,0.167,0.167]},"t":13,"s":[0,0,100],"e":[37.944,37.944,100]},{"i":{"x":[0.833,0.833,0.833],"y":[0.833,0.833,0.833]},"o":{"x":[0.167,0.167,0.167],"y":[0.167,0.167,0.167]},"t":30,"s":[37.944,37.944,100],"e":[72.702,72.702,100]},{"i":{"x":[0.833,0.833,0.833],"y":[0.833,0.833,0.833]},"o":{"x":[0.167,0.167,0.167],"y":[0.167,0.167,0.167]},"t":69,"s":[72.702,72.702,100],"e":[100,100,100]},{"t":71}],"ix":6}},"ao":0,"ip":0,"op":1800,"st":0,"bm":0},{"ddd":0,"ind":7,"ty":2,"nm":"金币 拷贝 15.png","cl":"png","refId":"image_3","sr":1,"ks":{"o":{"a":1,"k":[{"i":{"x":[0.833],"y":[0.833]},"o":{"x":[0.167],"y":[0.167]},"t":0,"s":[6],"e":[100]},{"t":32}],"ix":11},"r":{"a":0,"k":0,"ix":10},"p":{"a":1,"k":[{"i":{"x":0.833,"y":0.833},"o":{"x":0.167,"y":0.167},"t":14,"s":[77,328,0],"e":[301.687,191.94,0],"to":[0,24.705,0],"ti":[-168.246,9.036,0]},{"i":{"x":0.833,"y":0.833},"o":{"x":0.167,"y":0.167},"t":38,"s":[301.687,191.94,0],"e":[715,416,0],"to":[259.941,-13.961,0],"ti":[0,0,0]},{"t":64}],"ix":2},"a":{"a":0,"k":[66.5,71.5,0],"ix":1},"s":{"a":1,"k":[{"i":{"x":[0.833,0.833,0.833],"y":[0.833,0.833,0.833]},"o":{"x":[0.167,0.167,0.167],"y":[0.167,0.167,0.167]},"t":29,"s":[0,0,100],"e":[100,100,100]},{"t":71}],"ix":6}},"ao":0,"ip":0,"op":1800,"st":0,"bm":0},{"ddd":0,"ind":8,"ty":2,"nm":"金币 拷贝 13.png","cl":"png","refId":"image_4","sr":1,"ks":{"o":{"a":1,"k":[{"i":{"x":[0.833],"y":[0.833]},"o":{"x":[0.167],"y":[0.167]},"t":0,"s":[6],"e":[100]},{"t":49}],"ix":11},"r":{"a":0,"k":0,"ix":10},"p":{"a":1,"k":[{"i":{"x":0.833,"y":0.833},"o":{"x":0.167,"y":0.167},"t":0,"s":[71,310,0],"e":[311.687,193.94,0],"to":[24,-45.295,0],"ti":[-121.609,1.525,0]},{"i":{"x":0.833,"y":0.833},"o":{"x":0.167,"y":0.167},"t":25,"s":[311.687,193.94,0],"e":[655,442,0],"to":[122.414,-1.535,0],"ti":[-24,-160.516,0]},{"t":42}],"ix":2},"a":{"a":0,"k":[66.5,71.5,0],"ix":1},"s":{"a":1,"k":[{"i":{"x":[0.833,0.833,0.833],"y":[0.833,0.833,0.833]},"o":{"x":[0.167,0.167,0.167],"y":[0.167,0.167,0.167]},"t":0,"s":[0,0,100],"e":[100,100,100]},{"t":71}],"ix":6}},"ao":0,"ip":0,"op":1800,"st":0,"bm":0},{"ddd":0,"ind":9,"ty":2,"nm":"金币 拷贝 13.png","cl":"png","refId":"image_4","sr":1,"ks":{"o":{"a":1,"k":[{"i":{"x":[0.833],"y":[0.833]},"o":{"x":[0.167],"y":[0.167]},"t":0,"s":[6],"e":[100]},{"t":32}],"ix":11},"r":{"a":0,"k":0,"ix":10},"p":{"a":1,"k":[{"i":{"x":0.833,"y":0.833},"o":{"x":0.167,"y":0.167},"t":0,"s":[71,310,0],"e":[297.687,167.94,0],"to":[10,-63.295,0],"ti":[-117.336,-31.988,0]},{"i":{"x":0.833,"y":0.833},"o":{"x":0.167,"y":0.167},"t":25,"s":[297.687,167.94,0],"e":[511,448,0],"to":[104.414,28.465,0],"ti":[-24,-160.516,0]},{"t":44}],"ix":2},"a":{"a":0,"k":[66.5,71.5,0],"ix":1},"s":{"a":1,"k":[{"i":{"x":[0.833,0.833,0.833],"y":[0.833,0.833,0.833]},"o":{"x":[0.167,0.167,0.167],"y":[0.167,0.167,0.167]},"t":0,"s":[0,0,100],"e":[100,100,100]},{"t":71}],"ix":6}},"ao":0,"ip":0,"op":1800,"st":0,"bm":0},{"ddd":0,"ind":10,"ty":2,"nm":"金币筐口.png","cl":"png","refId":"image_5","sr":1,"ks":{"o":{"a":0,"k":100,"ix":11},"r":{"a":0,"k":0,"ix":10},"p":{"a":0,"k":[540,390.5,0],"ix":2},"a":{"a":0,"k":[279,32,0],"ix":1},"s":{"a":0,"k":[100,100,100],"ix":6}},"ao":0,"ip":0,"op":1800,"st":0,"bm":0}],"markers":[]}