{"v":"5.5.7","fr":25,"ip":0,"op":40,"w":160,"h":280,"nm":"稀有","ddd":0,"assets":[{"id":"image_0","w":87,"h":47,"u":"images/","p":"img_0.png","e":0},{"id":"image_1","w":128,"h":128,"u":"images/","p":"img_1.png","e":0},{"id":"image_2","w":75,"h":107,"u":"images/","p":"img_2.png","e":0},{"id":"image_3","w":109,"h":73,"u":"images/","p":"img_3.png","e":0},{"id":"image_4","w":153,"h":110,"u":"images/","p":"img_4.png","e":0}],"layers":[{"ddd":0,"ind":1,"ty":2,"nm":"手.png","cl":"png","refId":"image_0","sr":1,"ks":{"o":{"a":0,"k":100,"ix":11},"r":{"a":1,"k":[{"i":{"x":[0.833],"y":[0.833]},"o":{"x":[0.167],"y":[0.167]},"t":0,"s":[0],"e":[11]},{"i":{"x":[0.833],"y":[0.833]},"o":{"x":[0.167],"y":[0.167]},"t":10,"s":[11],"e":[0]},{"i":{"x":[0.833],"y":[0.833]},"o":{"x":[0.167],"y":[0.167]},"t":20,"s":[0],"e":[11]},{"i":{"x":[0.833],"y":[0.833]},"o":{"x":[0.167],"y":[0.167]},"t":30,"s":[11],"e":[0]},{"t":40}],"ix":10},"p":{"a":0,"k":[75,136,0],"ix":2},"a":{"a":0,"k":[33.5,-1,0],"ix":1},"s":{"a":0,"k":[100,100,100],"ix":6}},"ao":0,"ip":0,"op":375,"st":0,"bm":0},{"ddd":0,"ind":2,"ty":2,"nm":"头.png","cl":"png","refId":"image_1","sr":1,"ks":{"o":{"a":0,"k":100,"ix":11},"r":{"a":0,"k":0,"ix":10},"p":{"a":0,"k":[79.5,67.5,0],"ix":2},"a":{"a":0,"k":[64,64,0],"ix":1},"s":{"a":0,"k":[83.594,83.594,100],"ix":6}},"ao":0,"ip":0,"op":375,"st":0,"bm":0},{"ddd":0,"ind":3,"ty":2,"nm":"鞋子.png","cl":"png","refId":"image_2","sr":1,"ks":{"o":{"a":0,"k":100,"ix":11},"r":{"a":0,"k":0,"ix":10},"p":{"a":0,"k":[77.5,156.5,0],"ix":2},"a":{"a":0,"k":[37.5,53.5,0],"ix":1},"s":{"a":0,"k":[82.667,80.374,100],"ix":6}},"ao":0,"ip":0,"op":375,"st":0,"bm":0},{"ddd":0,"ind":4,"ty":2,"nm":"衣服.png","cl":"png","refId":"image_3","sr":1,"ks":{"o":{"a":0,"k":100,"ix":11},"r":{"a":1,"k":[{"i":{"x":[0.833],"y":[0.833]},"o":{"x":[0.167],"y":[0.167]},"t":0,"s":[0],"e":[11]},{"i":{"x":[0.833],"y":[0.833]},"o":{"x":[0.167],"y":[0.167]},"t":10,"s":[11],"e":[0]},{"i":{"x":[0.833],"y":[0.833]},"o":{"x":[0.167],"y":[0.167]},"t":20,"s":[0],"e":[11]},{"i":{"x":[0.833],"y":[0.833]},"o":{"x":[0.167],"y":[0.167]},"t":30,"s":[11],"e":[0]},{"t":40}],"ix":10},"p":{"a":0,"k":[81.5,133.006,0],"ix":2},"a":{"a":0,"k":[55.602,33.823,0],"ix":1},"s":{"a":0,"k":[90,90,100],"ix":6}},"ao":0,"ip":0,"op":375,"st":0,"bm":0},{"ddd":0,"ind":5,"ty":2,"nm":"底座.png","cl":"png","refId":"image_4","sr":1,"ks":{"o":{"a":0,"k":100,"ix":11},"r":{"a":0,"k":0,"ix":10},"p":{"a":0,"k":[79.5,211,0],"ix":2},"a":{"a":0,"k":[76.5,55,0],"ix":1},"s":{"a":0,"k":[92.157,92.157,100],"ix":6}},"ao":0,"ip":0,"op":375,"st":0,"bm":0}],"markers":[]}