{"v":"5.5.7","fr":25,"ip":0,"op":25,"w":200,"h":260,"nm":"中级","ddd":0,"assets":[{"id":"image_0","w":118,"h":124,"u":"images/","p":"img_0.png","e":0},{"id":"image_1","w":148,"h":101,"u":"images/","p":"img_1.png","e":0},{"id":"image_2","w":80,"h":102,"u":"images/","p":"img_2.png","e":0},{"id":"image_3","w":153,"h":110,"u":"images/","p":"img_3.png","e":0}],"layers":[{"ddd":0,"ind":1,"ty":2,"nm":"头.png","cl":"png","refId":"image_0","sr":1,"ks":{"o":{"a":0,"k":100,"ix":11},"r":{"a":0,"k":0,"ix":10},"p":{"a":0,"k":[86,71.5,0],"ix":2},"a":{"a":0,"k":[59,62,0],"ix":1},"s":{"a":0,"k":[100,100,100],"ix":6}},"ao":0,"ip":0,"op":375,"st":0,"bm":0},{"ddd":0,"ind":2,"ty":2,"nm":"可动组.png","cl":"png","refId":"image_1","sr":1,"ks":{"o":{"a":0,"k":100,"ix":11},"r":{"a":1,"k":[{"i":{"x":[0.833],"y":[0.833]},"o":{"x":[0.167],"y":[0.167]},"t":0,"s":[9],"e":[-13]},{"i":{"x":[0.833],"y":[0.833]},"o":{"x":[0.167],"y":[0.167]},"t":12,"s":[-13],"e":[9]},{"t":25}],"ix":10},"p":{"a":0,"k":[70.5,117.5,0],"ix":2},"a":{"a":0,"k":[41.5,20,0],"ix":1},"s":{"a":0,"k":[100,100,100],"ix":6}},"ao":0,"ip":0,"op":375,"st":0,"bm":0},{"ddd":0,"ind":3,"ty":2,"nm":"身子.png","cl":"png","refId":"image_2","sr":1,"ks":{"o":{"a":0,"k":100,"ix":11},"r":{"a":0,"k":0,"ix":10},"p":{"a":0,"k":[70.5,151,0],"ix":2},"a":{"a":0,"k":[40,51,0],"ix":1},"s":{"a":0,"k":[100,100,100],"ix":6}},"ao":0,"ip":0,"op":375,"st":0,"bm":0},{"ddd":0,"ind":4,"ty":2,"nm":"底座.png","cl":"png","refId":"image_3","sr":1,"ks":{"o":{"a":0,"k":100,"ix":11},"r":{"a":0,"k":0,"ix":10},"p":{"a":0,"k":[75,209.5,0],"ix":2},"a":{"a":0,"k":[76.5,55,0],"ix":1},"s":{"a":0,"k":[100,100,100],"ix":6}},"ao":0,"ip":0,"op":375,"st":0,"bm":0}],"markers":[]}